{"stat.pickup.minecraft.rotten_flesh":2,"stat.walkOneCm":54559,"stat.craftItem.spartanshields.shield_tower_wood":2,"stat.useItem.minecraft.fish":1,"stat.craftItem.minecraft.planks":64,"stat.pickup.spartanshields.shield_tower_wood":1,"stat.pickup.minecraft.stick":9,"stat.pickup.minecraft.crafting_table":2,"stat.pickup.minecraft.wooden_pickaxe":1,"stat.mineBlock.minecraft.crafting_table":1,"stat.pickup.minecraft.leather":23,"stat.damageTaken":1050,"stat.craftItem.minecraft.crafting_table":1,"stat.drop.minecraft.experience_bottle":1,"stat.mobKills":14,"stat.craftItem.minecraft.wooden_sword":1,"stat.mineBlock.minecraft.log":16,"stat.useItem.minecraft.diamond_sword":1,"stat.pickup.minecraft.dye":2,"stat.pickup.minecraft.log":16,"stat.flyOneCm":82428,"stat.deaths":5,"stat.drop":3,"stat.pickup.minecraft.wheat_seeds":6,"stat.jump":290,"stat.mineBlock.minecraft.leaves":7,"stat.playOneMinute":22284,"stat.useItem.minecraft.experience_bottle":602,"stat.pickup.minecraft.fish":1,"stat.useItem.minecraft.wooden_sword":67,"stat.fallOneCm":4598,"stat.drop.minecraft.wheat_seeds":1,"stat.pickup.minecraft.beef":49,"stat.sneakTime":5,"stat.damageDealt":2310,"stat.pickup.minecraft.porkchop":9,"stat.killEntity.Zombie":8,"stat.timeSinceDeath":561,"stat.killEntity.Cow":5,"stat.sprintOneCm":63830,"stat.useItem.minecraft.stone_slab2":2,"stat.mineBlock.minecraft.tallgrass":15,"stat.drop.charm.bat_bucket":1,"stat.craftItem.minecraft.stick":12,"stat.craftingTableInteraction":2}