{"stat.walkOneCm":71278,"stat.pickup.minecraft.bone":2,"stat.useItem.minecraft.fish":1,"stat.pickup.spartanshields.shield_tower_wood":2,"stat.pickup.minecraft.stick":9,"stat.pickup.minecraft.wooden_axe":1,"stat.leaveGame":1,"stat.pickup.minecraft.arrow":1,"stat.pickup.minecraft.crafting_table":5,"stat.useItem.minecraft.cobblestone":1,"stat.craftItem.minecraft.crafting_table":2,"stat.pickup.minecraft.stone_axe":1,"stat.drop.minecraft.experience_bottle":1,"stat.useItem.minecraft.diamond_sword":1,"stat.pickup.minecraft.log":21,"stat.jump":381,"stat.swimOneCm":1943,"stat.useItem.minecraft.experience_bottle":602,"stat.fallOneCm":5434,"stat.pickup.minecraft.beef":71,"stat.useItem.minecraft.stone_axe":2,"stat.pickup.minecraft.porkchop":9,"stat.pickup.minecraft.dirt":31,"stat.useItem.minecraft.dirt":6,"stat.sprintOneCm":89344,"stat.useItem.minecraft.stone_slab2":4,"stat.craftItem.minecraft.stick":20,"stat.craftItem.minecraft.wooden_axe":1,"stat.craftingTableInteraction":5,"stat.pickup.minecraft.rotten_flesh":2,"stat.craftItem.spartanshields.shield_tower_wood":3,"stat.craftItem.minecraft.planks":84,"stat.craftItem.minecraft.stone_axe":1,"stat.pickup.minecraft.wooden_pickaxe":2,"stat.mineBlock.minecraft.crafting_table":3,"stat.pickup.minecraft.leather":39,"stat.damageTaken":1447,"stat.pickup.minecraft.stone_sword":1,"stat.useItem.minecraft.wooden_pickaxe":13,"stat.mobKills":26,"stat.pickup.minecraft.cobblestone":15,"stat.craftItem.minecraft.wooden_sword":1,"stat.pickup.srparasites.assimilated_flesh":4,"stat.mineBlock.minecraft.log":21,"stat.pickup.minecraft.dye":2,"stat.useItem.minecraft.beef":11,"stat.craftItem.minecraft.stone_sword":1,"stat.flyOneCm":101151,"stat.deaths":6,"stat.drop":3,"stat.pickup.minecraft.wheat_seeds":6,"stat.mineBlock.minecraft.leaves":8,"stat.playOneMinute":29481,"stat.pickup.minecraft.fish":1,"stat.useItem.minecraft.wooden_sword":67,"stat.drop.minecraft.wheat_seeds":1,"stat.sneakTime":5,"stat.useItem.minecraft.stone_sword":26,"stat.damageDealt":3645,"stat.killEntity.Zombie":8,"stat.timeSinceDeath":3301,"stat.useItem.minecraft.wooden_axe":10,"stat.killEntity.Cow":12,"stat.mineBlock.minecraft.dirt":19,"stat.craftItem.minecraft.wooden_pickaxe":1,"stat.mineBlock.minecraft.stone":10,"stat.mineBlock.minecraft.tallgrass":21,"stat.drop.charm.bat_bucket":1,"stat.diveOneCm":108}