{"stat.drop.minecraft.stone_pickaxe":1,"stat.pickup.minecraft.bone":2,"stat.leaveGame":14,"stat.pickup.minecraft.stone_pickaxe":3,"stat.pickup.minecraft.flint":1,"stat.mineBlock.srparasites.gore":6,"stat.pickup.srparasites.parasitecanister":1,"stat.swimOneCm":5261,"stat.useItem.minecraft.planks":23,"stat.pickup.minecraft.porkchop":12,"stat.useItem.minecraft.dirt":15,"stat.useItem.minecraft.stone_slab2":21,"stat.pickup.srparasites.ada_longarms_drop":2,"stat.pickup.minecraft.rotten_flesh":5,"stat.pickup.minecraft.sand":3,"stat.craftItem.minecraft.furnace":1,"stat.entityKilledBy.Spider":1,"stat.useItem.minecraft.egg":1,"stat.craftItem.minecraft.stone_axe":1,"stat.craftItem.spartanshields.shield_tower_stone":3,"stat.craftItem.minecraft.stone_pickaxe":3,"stat.craftItem.minecraft.cooked_beef":5,"stat.pickup.minecraft.cobblestone":131,"stat.flyOneCm":234096,"stat.mineBlock.minecraft.sand":1,"stat.drop.minecraft.wheat_seeds":1,"stat.useItem.minecraft.cooked_beef":2,"stat.pickup.quark.tallow":17,"stat.timeSinceDeath":29218,"stat.craftItem.minecraft.wooden_pickaxe":1,"stat.pickup.minecraft.mutton":7,"stat.pickup.spartanshields.shield_tower_wood":2,"stat.pickup.minecraft.wooden_axe":2,"stat.furnaceInteraction":13,"stat.useItem.minecraft.cooked_porkchop":2,"stat.mineBlock.minecraft.coal_ore":9,"stat.pickup.srparasites.lurecomponent1":4,"stat.killEntity.Creeper":1,"stat.pickup.srparasites.lurecomponent4":1,"stat.pickup.minecraft.string":1,"stat.pickup.spartanshields.shield_tower_stone":2,"stat.pickup.minecraft.beef":23,"stat.pickup.minecraft.furnace":1,"stat.entityKilledBy.Skeleton":1,"stat.sprintOneCm":258109,"stat.craftItem.minecraft.stick":40,"stat.craftItem.minecraft.wooden_axe":4,"stat.mineBlock.minecraft.crafting_table":8,"stat.useItem.minecraft.beef":7,"stat.deaths":25,"stat.drop":5,"stat.pickup.minecraft.egg":1,"stat.playOneMinute":120139,"stat.killEntity.Sheep":4,"stat.killEntity.Zombie":1,"stat.mineBlock.minecraft.tallgrass":48,"stat.diveOneCm":3793,"stat.chestOpened":6,"stat.drop.minecraft.wooden_pickaxe":1,"stat.pickup.minecraft.gravel":1,"stat.pickup.minecraft.arrow":3,"stat.craftItem.minecraft.cooked_porkchop":2,"stat.pickup.minecraft.stone_axe":3,"stat.useItem.minecraft.porkchop":4,"stat.useItem.minecraft.rotten_flesh":2,"stat.jump":1423,"stat.pickup.minecraft.coal":63,"stat.fallOneCm":22881,"stat.useItem.minecraft.stone_axe":158,"stat.crouchOneCm":2072,"stat.craftItem.minecraft.torch":28,"stat.craftItem.minecraft.chest":1,"stat.pickup.minecraft.dirt":64,"stat.craftingTableInteraction":18,"stat.pickup.minecraft.iron_ore":22,"stat.pickup.minecraft.wooden_pickaxe":1,"stat.pickup.minecraft.feather":3,"stat.damageTaken":5442,"stat.pickup.minecraft.leather":4,"stat.mineBlock.minecraft.furnace":1,"stat.useItem.minecraft.wooden_pickaxe":6,"stat.pickup.srparasites.assimilated_flesh":6,"stat.pickup.minecraft.planks":57,"stat.pickup.minecraft.wheat_seeds":5,"stat.mineBlock.minecraft.gravel":1,"stat.useItem.minecraft.stone_pickaxe":95,"stat.damageDealt":4281,"stat.killEntity.Cow":7,"stat.mineBlock.minecraft.dirt":56,"stat.useItem.minecraft.crafting_table":1,"stat.killEntity.Pig":4,"stat.walkOneCm":270885,"stat.useItem.minecraft.torch":4,"stat.pickup.minecraft.stick":15,"stat.pickup.minecraft.crafting_table":9,"stat.useItem.minecraft.cobblestone":10,"stat.craftItem.minecraft.crafting_table":3,"stat.mineBlock.minecraft.double_plant":3,"stat.drop.srparasites.parasitecanister":1,"stat.pickup.minecraft.log":140,"stat.pickup.minecraft.stone":1,"stat.pickup.minecraft.chicken":13,"stat.pickup.minecraft.sapling":17,"stat.drop.srparasites.assimilated_flesh":1,"stat.pickup.minecraft.cooked_beef":1,"stat.pickup.minecraft.apple":1,"stat.craftItem.spartanshields.shield_tower_wood":4,"stat.craftItem.minecraft.planks":164,"stat.killEntity.Chicken":1,"stat.mobKills":34,"stat.mineBlock.minecraft.log":141,"stat.craftItem.minecraft.cooked_chicken":12,"stat.mineBlock.minecraft.leaves":50,"stat.pickup.minecraft.torch":8,"stat.mineBlock.srparasites.parasitecanister":1,"stat.pickup.minecraft.red_flower":2,"stat.sneakTime":686,"stat.useItem.minecraft.wooden_axe":96,"stat.mineBlock.minecraft.stone":89}