{"stat.chestOpened":1,"stat.drop.minecraft.stone_pickaxe":2,"stat.pickup.minecraft.bone":1,"stat.leaveGame":2,"stat.pickup.minecraft.arrow":1,"stat.mineBlock.minecraft.cobblestone":25,"stat.craftItem.minecraft.cooked_porkchop":4,"stat.pickup.tombstone.familiar_stone":1,"stat.mineBlock.srparasites.gore":9,"stat.useItem.minecraft.rotten_flesh":2,"stat.useItem.minecraft.mutton":4,"stat.jump":498,"stat.swimOneCm":998,"stat.pickup.minecraft.coal":216,"stat.fallOneCm":6297,"stat.climbOneCm":1757,"stat.pickup.minecraft.carrot":25,"stat.useItem.minecraft.stone_axe":5,"stat.pickup.minecraft.porkchop":4,"stat.craftItem.minecraft.bread":1,"stat.crouchOneCm":77,"stat.craftItem.minecraft.iron_ingot":17,"stat.craftItem.minecraft.torch":24,"stat.pickup.minecraft.dirt":3,"stat.useItem.minecraft.stone_slab2":15,"stat.drop.minecraft.iron_sword":1,"stat.craftingTableInteraction":21,"stat.pickup.minecraft.iron_ore":17,"stat.pickup.minecraft.rotten_flesh":6,"stat.pickup.minecraft.gold_ore":6,"stat.craftItem.minecraft.stone_axe":1,"stat.craftItem.minecraft.iron_boots":2,"stat.mineBlock.minecraft.stone_stairs":2,"stat.damageTaken":2527,"stat.craftItem.spartanshields.shield_tower_stone":2,"stat.craftItem.spartanweaponry.boomerang_stone":1,"stat.mineBlock.minecraft.torch":4,"stat.craftItem.minecraft.stone_pickaxe":5,"stat.mineBlock.minecraft.furnace":3,"stat.useItem.minecraft.wooden_pickaxe":25,"stat.pickup.minecraft.cobblestone":161,"stat.pickup.srparasites.assimilated_flesh":3,"stat.pickup.minecraft.planks":14,"stat.useItem.spartanweaponry.boomerang_stone":2,"stat.flyOneCm":58823,"tombstone:undead_killed":11,"stat.pickup.minecraft.wheat_seeds":9,"stat.pickup.minecraft.potato":14,"stat.pickup.minecraft.oak_stairs":1,"tombstone:villager_killed":3,"stat.useItem.minecraft.stone_pickaxe":156,"stat.pickup.quark.tallow":4,"stat.killEntity.Villager":3,"stat.damageDealt":4220,"stat.craftItem.minecraft.baked_potato":8,"stat.timeSinceDeath":26353,"stat.mineBlock.minecraft.dirt":2,"stat.useItem.minecraft.iron_pickaxe":8,"stat.craftItem.minecraft.wooden_pickaxe":1,"stat.killEntity.Pig":2,"stat.pickup.minecraft.mutton":4,"stat.craftItem.minecraft.iron_sword":1,"stat.killEntity.Bat":1,"stat.walkOneCm":133986,"stat.useItem.minecraft.bread":7,"stat.pickup.minecraft.crafting_table":6,"stat.useItem.minecraft.cobblestone":15,"stat.craftItem.minecraft.crafting_table":1,"stat.furnaceInteraction":14,"stat.useItem.minecraft.cooked_porkchop":1,"stat.killEntity.ZombieVillager":2,"stat.mineBlock.minecraft.coal_ore":5,"stat.pickup.srparasites.lurecomponent1":1,"stat.talkedToVillager":1,"stat.pickup.minecraft.log":13,"stat.useItem.tombstone.gift":1,"stat.pickup.minecraft.furnace":4,"stat.pickup.tombstone.crafting_ingredient":2,"stat.pickup.minecraft.stone":17,"stat.pickup.minecraft.baked_potato":6,"stat.sprintOneCm":73258,"stat.craftItem.minecraft.stick":32,"stat.pickup.tombstone.magic_scroll":1,"stat.craftItem.minecraft.wooden_axe":1,"stat.killEntity.Skeleton":1,"stat.craftItem.spartanshields.shield_tower_wood":3,"stat.killEntity.Horse":1,"stat.craftItem.minecraft.bucket":2,"stat.useItem.minecraft.iron_sword":127,"stat.craftItem.minecraft.planks":52,"stat.pickup.minecraft.stone_stairs":2,"stat.mineBlock.minecraft.crafting_table":5,"stat.useItem.minecraft.carrot":7,"stat.mobKills":33,"stat.mineBlock.minecraft.log":15,"stat.mineBlock.minecraft.oak_stairs":1,"stat.mineBlock.minecraft.planks":10,"stat.deaths":5,"stat.drop":4,"stat.playOneMinute":53319,"stat.pickup.minecraft.torch":4,"stat.killEntity.Sheep":2,"stat.sneakTime":76,"stat.craftItem.minecraft.iron_pickaxe":1,"stat.pickup.minecraft.wool":4,"stat.killEntity.Zombie":8,"stat.useItem.minecraft.baked_potato":5,"stat.craftItem.minecraft.dye":3,"stat.drop.minecraft.bread":1,"stat.useItem.minecraft.wooden_axe":13,"stat.mineBlock.minecraft.stone":145,"stat.mineBlock.minecraft.gold_ore":6,"stat.mineBlock.minecraft.tallgrass":9,"stat.pickup.minecraft.wheat":4}