{"stat.useItem.minecraft.bow":5,"stat.leaveGame":4,"stat.craftItem.minecraft.iron_axe":3,"stat.pickup.quark.limestone":28,"stat.pickup.tombstone.familiar_stone":5,"stat.useItem.minecraft.mutton":4,"stat.useItem.minecraft.planks":3,"stat.pickup.minecraft.porkchop":19,"stat.drop.minecraft.iron_sword":1,"stat.useItem.minecraft.water_bucket":27,"stat.pickup.minecraft.rotten_flesh":34,"stat.craftItem.minecraft.stone_axe":3,"stat.craftItem.spartanweaponry.boomerang_stone":2,"stat.useItem.spartanweaponry.boomerang_stone":26,"stat.pickup.minecraft.brown_mushroom":1,"tombstone:villager_killed":3,"stat.killEntity.Witch":1,"stat.pickup.quark.tallow":13,"stat.killEntity.Villager":3,"stat.useItem.minecraft.iron_pickaxe":832,"stat.craftItem.minecraft.wooden_pickaxe":1,"stat.drop.minecraft.cooked_mutton":2,"stat.craftItem.minecraft.bed":1,"stat.pickup.spartanweaponry.greatsword_iron":1,"stat.craftItem.minecraft.golden_carrot":14,"stat.furnaceInteraction":91,"stat.useItem.minecraft.golden_carrot":13,"stat.craftItem.spartanweaponry.material":3,"stat.killEntity.ZombieVillager":4,"stat.pickup.srparasites.lurecomponent2":1,"stat.pickup.srparasites.lurecomponent1":7,"stat.pickup.spartanshields.shield_tower_stone":1,"stat.pickup.minecraft.beef":6,"stat.pickup.minecraft.furnace":8,"stat.useItem.minecraft.cooked_mutton":5,"stat.pickup.tombstone.magic_scroll":3,"stat.killEntity.Horse":1,"stat.pickup.minecraft.stone_stairs":2,"stat.useItem.minecraft.dye":4,"stat.useItem.spartanweaponry.halberd_iron":120,"stat.pickup.spartanweaponry.halberd_iron":1,"stat.mineBlock.minecraft.oak_stairs":1,"stat.deaths":7,"stat.craftItem.spartanweaponry.longsword_iron":1,"stat.pickup.minecraft.egg":5,"stat.playOneMinute":311400,"stat.craftItem.minecraft.iron_pickaxe":10,"stat.drop.minecraft.torch":3,"stat.mineBlock.minecraft.tallgrass":15,"stat.craftItem.minecraft.cooked_mutton":2,"stat.pickup.minecraft.cooked_mutton":7,"stat.chestOpened":3,"stat.pickup.minecraft.arrow":12,"stat.pickup.minecraft.iron_sword":1,"stat.drop.minecraft.iron_pickaxe":2,"stat.craftItem.minecraft.iron_hoe":1,"stat.fallOneCm":25172,"stat.pickup.minecraft.carrot":59,"stat.crouchOneCm":2887,"stat.craftItem.minecraft.iron_ingot":124,"stat.craftingTableInteraction":114,"stat.mineBlock.quark.limestone":2,"stat.pickup.minecraft.feather":5,"stat.useItem.minecraft.furnace":1,"stat.pickup.minecraft.dye":20,"stat.pickup.minecraft.planks":52,"stat.pickup.minecraft.wheat_seeds":15,"stat.mineBlock.minecraft.gravel":7,"stat.useItem.minecraft.stone_pickaxe":319,"stat.craftItem.minecraft.iron_leggings":1,"stat.mineBlock.minecraft.dirt":7,"stat.killEntity.VindicationIllager":3,"stat.drop.minecraft.iron_axe":1,"stat.mineBlock.quark.biome_cobblestone":52,"stat.useItem.minecraft.bread":7,"stat.useItem.minecraft.torch":159,"stat.pickup.minecraft.crafting_table":23,"stat.useItem.minecraft.cobblestone":240,"stat.craftItem.minecraft.crafting_table":2,"stat.craftItem.srparasites.evclock":1,"stat.mineBlock.minecraft.double_plant":2,"stat.pickup.minecraft.log":153,"stat.drop.minecraft.chicken":2,"stat.craftItem.tombstone.dust_of_vanishing":1,"stat.pickup.minecraft.iron_pickaxe":2,"stat.craftItem.minecraft.gold_ingot":21,"stat.pickup.minecraft.chicken":3,"stat.pickup.minecraft.sapling":5,"stat.craftItem.spartanshields.shield_tower_wood":5,"stat.craftItem.minecraft.bucket":2,"stat.useItem.minecraft.iron_sword":145,"stat.craftItem.minecraft.planks":104,"stat.itemEnchanted":1,"stat.pickup.quark.root":1,"stat.useItem.minecraft.stonebrick":1,"stat.pickup.minecraft.book":1,"stat.mineBlock.minecraft.log":109,"stat.craftItem.spartanweaponry.halberd_iron":1,"stat.sneakTime":2607,"stat.pickup.minecraft.wool":9,"stat.useItem.minecraft.baked_potato":11,"stat.useItem.minecraft.wooden_axe":13,"stat.craftItem.minecraft.enchanting_table":1,"stat.drop.minecraft.stone_pickaxe":3,"stat.pickup.minecraft.bone":11,"stat.useItem.minecraft.iron_axe":18,"stat.mineBlock.minecraft.cobblestone":40,"stat.pickup.minecraft.stone_pickaxe":1,"stat.pickup.minecraft.flint":1,"stat.craftItem.tombstone.grave_key":2,"stat.mineBlock.srparasites.gore":18,"stat.craftItem.minecraft.wool":3,"stat.useItem.spartanweaponry.greatsword_iron":53,"stat.swimOneCm":24902,"stat.mineBlock.quark.glowcelium":1,"stat.craftItem.minecraft.clock":1,"stat.climbOneCm":1859,"stat.drop.minecraft.cobblestone":2,"stat.pickup.minecraft.cooked_porkchop":5,"stat.useItem.minecraft.stone_slab2":92,"stat.pickup.minecraft.iron_boots":1,"stat.craftItem.minecraft.furnace":4,"stat.drop.spartanweaponry.boomerang_stone":1,"stat.useItem.minecraft.egg":5,"stat.pickup.minecraft.enchanting_table":1,"stat.craftItem.minecraft.iron_boots":2,"stat.craftItem.spartanshields.shield_tower_stone":2,"stat.craftItem.minecraft.stone_pickaxe":7,"stat.craftItem.minecraft.cooked_beef":9,"stat.mineBlock.minecraft.obsidian":8,"stat.pickup.minecraft.cobblestone":1126,"stat.craftItem.minecraft.bow":2,"stat.pickup.quark.biome_cobblestone":43,"stat.flyOneCm":176563,"stat.drop.minecraft.iron_helmet":1,"stat.useItem.minecraft.cooked_beef":9,"stat.pickup.minecraft.redstone":39,"stat.mineBlock.minecraft.iron_ore":62,"stat.timeSinceDeath":170402,"stat.pickup.minecraft.mutton":6,"stat.killEntity.Bat":2,"stat.useItem.minecraft.potato":40,"stat.pickup.minecraft.stonebrick":44,"stat.mineBlock.minecraft.enchanting_table":1,"stat.useItem.minecraft.cooked_porkchop":8,"stat.mineBlock.minecraft.coal_ore":55,"stat.killEntity.Creeper":4,"stat.talkedToVillager":1,"stat.drop.spartanweaponry.halberd_iron":1,"stat.pickup.minecraft.string":8,"stat.pickup.tombstone.crafting_ingredient":13,"stat.sprintOneCm":287431,"stat.drop.minecraft.leather":4,"stat.craftItem.minecraft.stick":120,"stat.craftItem.minecraft.wooden_axe":1,"stat.craftItem.minecraft.gold_nugget":117,"stat.mineBlock.minecraft.diamond_ore":11,"stat.mineBlock.minecraft.crafting_table":19,"tombstone:use_vanishing":1,"stat.useItem.minecraft.diamond_pickaxe":25,"stat.useItem.minecraft.carrot":7,"stat.mineBlock.minecraft.planks":12,"stat.drop":35,"stat.killEntity.Sheep":5,"stat.craftItem.minecraft.diamond_pickaxe":1,"stat.craftItem.spartanweaponry.greatsword_iron":1,"stat.killEntity.Zombie":30,"stat.craftItem.minecraft.dye":21,"stat.drop.minecraft.bread":1,"stat.mineBlock.minecraft.gold_ore":49,"stat.diveOneCm":26026,"stat.pickup.minecraft.wheat":4,"stat.pickup.minecraft.gravel":12,"stat.craftItem.minecraft.cooked_porkchop":17,"stat.pickup.minecraft.stone_axe":1,"stat.useItem.quark.biome_cobblestone":19,"stat.pickup.minecraft.obsidian":7,"stat.useItem.minecraft.rotten_flesh":2,"stat.drop.minecraft.cooked_porkchop":7,"stat.jump":3000,"stat.pickup.minecraft.coal":345,"stat.pickup.minecraft.iron_ingot":11,"stat.useItem.minecraft.stone_axe":133,"stat.craftItem.minecraft.bread":1,"stat.pickup.minecraft.gunpowder":12,"stat.pickup.minecraft.spider_eye":1,"stat.craftItem.minecraft.torch":144,"stat.pickup.minecraft.dirt":28,"stat.craftItem.minecraft.iron_helmet":2,"stat.pickup.minecraft.iron_ore":142,"stat.pickup.minecraft.gold_ore":53,"stat.mineBlock.minecraft.lapis_ore":3,"stat.mineBlock.minecraft.stone_stairs":2,"stat.damageTaken":5159,"stat.pickup.minecraft.leather":4,"stat.mineBlock.minecraft.torch":22,"stat.mineBlock.minecraft.furnace":6,"stat.useItem.minecraft.wooden_pickaxe":25,"stat.pickup.srparasites.assimilated_flesh":17,"stat.killEntity.CaveSpider":1,"tombstone:undead_killed":48,"stat.useItem.tombstone.grave_key":19,"stat.pickup.minecraft.potato":105,"stat.pickup.minecraft.oak_stairs":1,"stat.damageDealt":15722,"stat.sleepInBed":2,"stat.craftItem.minecraft.baked_potato":21,"stat.killEntity.Cow":3,"stat.useItem.minecraft.crafting_table":1,"stat.killEntity.Pig":8,"stat.craftItem.minecraft.iron_sword":1,"stat.walkOneCm":843513,"stat.useItem.quark.custom_chest":3,"stat.pickup.spartanweaponry.boomerang_stone":3,"stat.pickup.minecraft.stick":4,"stat.craftItem.quark.custom_chest":4,"stat.pickup.minecraft.clay_ball":27,"stat.killEntity.quark:stoneling":1,"stat.useItem.minecraft.lava_bucket":13,"stat.pickup.quark.root_flower":4,"stat.useItem.tombstone.gift":2,"stat.pickup.minecraft.stone":26,"stat.craftItem.minecraft.iron_chestplate":2,"stat.pickup.minecraft.baked_potato":8,"stat.drop.minecraft.potato":2,"stat.mineBlock.minecraft.packed_ice":6,"stat.pickup.minecraft.cooked_beef":6,"stat.killEntity.Skeleton":11,"stat.mineBlock.minecraft.stonebrick":44,"stat.killEntity.Chicken":2,"stat.drop.minecraft.crafting_table":1,"stat.killEntity.Spider":3,"stat.pickup.minecraft.bread":1,"stat.killEntity.quark:dweller":2,"stat.mobKills":122,"stat.pickup.minecraft.diamond":11,"stat.mineBlock.minecraft.leaves":29,"stat.pickup.minecraft.torch":49,"stat.mineBlock.minecraft.redstone_ore":9,"stat.pickup.minecraft.lava_bucket":1,"stat.drop.minecraft.stone_axe":1,"stat.killEntity.quark:ashen":1,"stat.mineBlock.minecraft.stone":843,"stat.craftItem.spartanshields.shield_tower_iron":2}