{"stat.drop.minecraft.stone_pickaxe":3,"stat.useItem.minecraft.bow":5,"stat.pickup.minecraft.bone":11,"stat.useItem.minecraft.iron_axe":18,"stat.leaveGame":3,"stat.mineBlock.minecraft.cobblestone":40,"stat.pickup.minecraft.stone_pickaxe":1,"stat.pickup.minecraft.flint":1,"stat.craftItem.tombstone.grave_key":2,"stat.craftItem.minecraft.iron_axe":3,"stat.pickup.quark.limestone":28,"stat.pickup.tombstone.familiar_stone":3,"stat.mineBlock.srparasites.gore":11,"stat.craftItem.minecraft.wool":3,"stat.useItem.minecraft.mutton":4,"stat.useItem.spartanweaponry.greatsword_iron":53,"stat.swimOneCm":20984,"stat.mineBlock.quark.glowcelium":1,"stat.craftItem.minecraft.clock":1,"stat.climbOneCm":1859,"stat.useItem.minecraft.planks":3,"stat.drop.minecraft.cobblestone":2,"stat.pickup.minecraft.cooked_porkchop":5,"stat.pickup.minecraft.porkchop":19,"stat.useItem.minecraft.stone_slab2":85,"stat.pickup.minecraft.iron_boots":1,"stat.drop.minecraft.iron_sword":1,"stat.useItem.minecraft.water_bucket":15,"stat.pickup.minecraft.rotten_flesh":23,"stat.craftItem.minecraft.furnace":4,"stat.drop.spartanweaponry.boomerang_stone":1,"stat.useItem.minecraft.egg":5,"stat.pickup.minecraft.enchanting_table":1,"stat.craftItem.minecraft.stone_axe":3,"stat.craftItem.minecraft.iron_boots":2,"stat.craftItem.spartanshields.shield_tower_stone":2,"stat.craftItem.spartanweaponry.boomerang_stone":2,"stat.craftItem.minecraft.stone_pickaxe":7,"stat.craftItem.minecraft.cooked_beef":9,"stat.mineBlock.minecraft.obsidian":8,"stat.pickup.minecraft.cobblestone":1044,"stat.craftItem.minecraft.bow":2,"stat.pickup.quark.biome_cobblestone":43,"stat.useItem.spartanweaponry.boomerang_stone":26,"stat.flyOneCm":159275,"stat.drop.minecraft.iron_helmet":1,"stat.pickup.minecraft.brown_mushroom":1,"tombstone:villager_killed":3,"stat.killEntity.Witch":1,"stat.useItem.minecraft.cooked_beef":9,"stat.pickup.quark.tallow":13,"stat.killEntity.Villager":3,"stat.pickup.minecraft.redstone":31,"stat.mineBlock.minecraft.iron_ore":56,"stat.timeSinceDeath":137948,"stat.useItem.minecraft.iron_pickaxe":716,"stat.craftItem.minecraft.wooden_pickaxe":1,"stat.pickup.minecraft.mutton":6,"stat.drop.minecraft.cooked_mutton":2,"stat.killEntity.Bat":1,"stat.craftItem.minecraft.bed":1,"stat.useItem.minecraft.potato":40,"stat.craftItem.minecraft.golden_carrot":14,"stat.pickup.minecraft.stonebrick":44,"stat.furnaceInteraction":88,"stat.useItem.minecraft.golden_carrot":11,"stat.mineBlock.minecraft.enchanting_table":1,"stat.useItem.minecraft.cooked_porkchop":8,"stat.craftItem.spartanweaponry.material":3,"stat.killEntity.ZombieVillager":2,"stat.pickup.srparasites.lurecomponent2":1,"stat.mineBlock.minecraft.coal_ore":38,"stat.pickup.srparasites.lurecomponent1":7,"stat.killEntity.Creeper":3,"stat.talkedToVillager":1,"stat.pickup.minecraft.string":5,"stat.pickup.spartanshields.shield_tower_stone":1,"stat.pickup.minecraft.beef":6,"stat.pickup.minecraft.furnace":8,"stat.useItem.minecraft.cooked_mutton":2,"stat.pickup.tombstone.crafting_ingredient":11,"stat.sprintOneCm":247443,"stat.drop.minecraft.leather":4,"stat.craftItem.minecraft.stick":88,"stat.pickup.tombstone.magic_scroll":3,"stat.craftItem.minecraft.wooden_axe":1,"stat.killEntity.Horse":1,"stat.pickup.minecraft.stone_stairs":2,"stat.craftItem.minecraft.gold_nugget":117,"stat.mineBlock.minecraft.diamond_ore":8,"stat.mineBlock.minecraft.crafting_table":19,"tombstone:use_vanishing":1,"stat.useItem.minecraft.diamond_pickaxe":10,"stat.useItem.minecraft.carrot":7,"stat.useItem.minecraft.dye":4,"stat.useItem.spartanweaponry.halberd_iron":73,"stat.mineBlock.minecraft.oak_stairs":1,"stat.mineBlock.minecraft.planks":12,"stat.deaths":7,"stat.drop":33,"stat.craftItem.spartanweaponry.longsword_iron":1,"stat.pickup.minecraft.egg":5,"stat.playOneMinute":278946,"stat.killEntity.Sheep":5,"stat.craftItem.minecraft.iron_pickaxe":10,"stat.craftItem.minecraft.diamond_pickaxe":1,"stat.craftItem.spartanweaponry.greatsword_iron":1,"stat.killEntity.Zombie":24,"stat.craftItem.minecraft.dye":21,"stat.drop.minecraft.bread":1,"stat.drop.minecraft.torch":2,"stat.mineBlock.minecraft.gold_ore":35,"stat.mineBlock.minecraft.tallgrass":15,"stat.craftItem.minecraft.cooked_mutton":2,"stat.diveOneCm":26026,"stat.pickup.minecraft.wheat":4,"stat.pickup.minecraft.cooked_mutton":7,"stat.chestOpened":3,"stat.pickup.minecraft.gravel":12,"stat.pickup.minecraft.arrow":11,"stat.pickup.minecraft.iron_sword":1,"stat.craftItem.minecraft.cooked_porkchop":17,"stat.pickup.minecraft.stone_axe":1,"stat.useItem.quark.biome_cobblestone":19,"stat.pickup.minecraft.obsidian":7,"stat.useItem.minecraft.rotten_flesh":2,"stat.drop.minecraft.iron_pickaxe":2,"stat.drop.minecraft.cooked_porkchop":7,"stat.craftItem.minecraft.iron_hoe":1,"stat.jump":2525,"stat.pickup.minecraft.coal":329,"stat.fallOneCm":21367,"stat.pickup.minecraft.iron_ingot":10,"stat.pickup.minecraft.carrot":59,"stat.useItem.minecraft.stone_axe":124,"stat.craftItem.minecraft.bread":1,"stat.pickup.minecraft.gunpowder":10,"stat.crouchOneCm":2887,"stat.pickup.minecraft.spider_eye":1,"stat.craftItem.minecraft.iron_ingot":106,"stat.craftItem.minecraft.torch":80,"stat.pickup.minecraft.dirt":28,"stat.craftItem.minecraft.iron_helmet":2,"stat.craftingTableInteraction":113,"stat.pickup.minecraft.iron_ore":136,"stat.pickup.minecraft.gold_ore":40,"stat.mineBlock.minecraft.lapis_ore":3,"stat.mineBlock.minecraft.stone_stairs":2,"stat.mineBlock.quark.limestone":2,"stat.damageTaken":4866,"stat.pickup.minecraft.feather":5,"stat.pickup.minecraft.leather":4,"stat.mineBlock.minecraft.torch":21,"stat.mineBlock.minecraft.furnace":6,"stat.useItem.minecraft.wooden_pickaxe":25,"stat.useItem.minecraft.furnace":1,"stat.pickup.srparasites.assimilated_flesh":16,"stat.pickup.minecraft.dye":20,"stat.pickup.minecraft.planks":52,"tombstone:undead_killed":39,"stat.useItem.tombstone.grave_key":19,"stat.pickup.minecraft.wheat_seeds":15,"stat.pickup.minecraft.potato":102,"stat.pickup.minecraft.oak_stairs":1,"stat.mineBlock.minecraft.gravel":7,"stat.useItem.minecraft.stone_pickaxe":319,"stat.craftItem.minecraft.iron_leggings":1,"stat.damageDealt":13583,"stat.sleepInBed":2,"stat.craftItem.minecraft.baked_potato":21,"stat.killEntity.Cow":3,"stat.mineBlock.minecraft.dirt":7,"stat.useItem.minecraft.crafting_table":1,"stat.killEntity.VindicationIllager":3,"stat.killEntity.Pig":8,"stat.craftItem.minecraft.iron_sword":1,"stat.drop.minecraft.iron_axe":1,"stat.mineBlock.quark.biome_cobblestone":52,"stat.walkOneCm":723800,"stat.useItem.minecraft.bread":7,"stat.useItem.minecraft.torch":97,"stat.pickup.spartanweaponry.boomerang_stone":3,"stat.pickup.minecraft.stick":4,"stat.pickup.minecraft.crafting_table":23,"stat.pickup.minecraft.clay_ball":27,"stat.useItem.minecraft.cobblestone":211,"stat.craftItem.minecraft.crafting_table":2,"stat.killEntity.quark:stoneling":1,"stat.craftItem.srparasites.evclock":1,"stat.mineBlock.minecraft.double_plant":2,"stat.useItem.minecraft.lava_bucket":13,"stat.pickup.minecraft.log":144,"stat.drop.minecraft.chicken":2,"stat.craftItem.tombstone.dust_of_vanishing":1,"stat.pickup.minecraft.iron_pickaxe":2,"stat.pickup.quark.root_flower":4,"stat.useItem.tombstone.gift":2,"stat.craftItem.minecraft.gold_ingot":21,"stat.pickup.minecraft.stone":26,"stat.craftItem.minecraft.iron_chestplate":2,"stat.pickup.minecraft.baked_potato":8,"stat.pickup.minecraft.chicken":3,"stat.drop.minecraft.potato":2,"stat.mineBlock.minecraft.packed_ice":2,"stat.pickup.minecraft.sapling":5,"stat.pickup.minecraft.cooked_beef":6,"stat.killEntity.Skeleton":11,"stat.craftItem.spartanshields.shield_tower_wood":5,"stat.craftItem.minecraft.bucket":2,"stat.mineBlock.minecraft.stonebrick":44,"stat.useItem.minecraft.iron_sword":145,"stat.craftItem.minecraft.planks":56,"stat.killEntity.Chicken":2,"stat.itemEnchanted":1,"stat.drop.minecraft.crafting_table":1,"stat.killEntity.Spider":2,"stat.pickup.quark.root":1,"stat.pickup.minecraft.bread":1,"stat.killEntity.quark:dweller":1,"stat.mobKills":106,"stat.useItem.minecraft.stonebrick":1,"stat.pickup.minecraft.book":1,"stat.mineBlock.minecraft.log":100,"stat.craftItem.spartanweaponry.halberd_iron":1,"stat.pickup.minecraft.diamond":8,"stat.mineBlock.minecraft.leaves":29,"stat.pickup.minecraft.torch":48,"stat.mineBlock.minecraft.redstone_ore":7,"stat.sneakTime":2607,"stat.pickup.minecraft.wool":9,"stat.pickup.minecraft.lava_bucket":1,"stat.drop.minecraft.stone_axe":1,"stat.useItem.minecraft.baked_potato":11,"stat.useItem.minecraft.wooden_axe":13,"stat.killEntity.quark:ashen":1,"stat.mineBlock.minecraft.stone":756,"stat.craftItem.spartanshields.shield_tower_iron":2,"stat.craftItem.minecraft.enchanting_table":1}