{"stat.walkOneCm":85301,"stat.pickup.minecraft.stick":4,"stat.pickup.spartanshields.shield_tower_wood":2,"stat.pickup.minecraft.wooden_axe":2,"stat.leaveGame":8,"stat.pickup.minecraft.arrow":2,"stat.pickup.minecraft.crafting_table":5,"stat.craftItem.minecraft.crafting_table":2,"stat.mineBlock.minecraft.double_plant":2,"stat.mineBlock.srparasites.gore":3,"stat.pickup.srparasites.lurecomponent1":4,"stat.useItem.minecraft.porkchop":4,"stat.pickup.minecraft.log":11,"stat.useItem.minecraft.rotten_flesh":1,"stat.jump":522,"stat.fallOneCm":8969,"stat.pickup.minecraft.beef":6,"stat.pickup.minecraft.porkchop":6,"stat.crouchOneCm":110,"stat.pickup.minecraft.chicken":1,"stat.pickup.minecraft.dirt":24,"stat.useItem.minecraft.dirt":9,"stat.sprintOneCm":104651,"stat.useItem.minecraft.stone_slab2":5,"stat.craftItem.minecraft.stick":12,"stat.craftItem.minecraft.wooden_axe":3,"stat.craftingTableInteraction":4,"stat.pickup.minecraft.rotten_flesh":1,"stat.pickup.minecraft.sand":3,"stat.craftItem.spartanshields.shield_tower_wood":1,"stat.craftItem.minecraft.planks":44,"stat.killEntity.Chicken":1,"stat.mineBlock.minecraft.crafting_table":4,"stat.pickup.minecraft.feather":2,"stat.damageTaken":904,"stat.pickup.minecraft.leather":1,"stat.mobKills":19,"stat.pickup.srparasites.assimilated_flesh":4,"stat.mineBlock.minecraft.log":11,"stat.useItem.minecraft.beef":4,"stat.pickup.minecraft.planks":5,"stat.flyOneCm":138736,"stat.deaths":4,"stat.pickup.minecraft.wheat_seeds":2,"stat.mineBlock.minecraft.sand":1,"stat.mineBlock.minecraft.leaves":2,"stat.playOneMinute":44961,"stat.pickup.minecraft.red_flower":2,"stat.sneakTime":41,"stat.pickup.quark.tallow":5,"stat.damageDealt":2459,"stat.killEntity.Zombie":1,"stat.timeSinceDeath":0,"stat.useItem.minecraft.wooden_axe":64,"stat.killEntity.Cow":3,"stat.mineBlock.minecraft.dirt":12,"stat.killEntity.Pig":3,"stat.mineBlock.minecraft.tallgrass":19}