{"stat.drop.minecraft.stone_pickaxe":3,"stat.useItem.minecraft.bow":1,"stat.pickup.minecraft.bone":10,"stat.useItem.minecraft.iron_axe":18,"stat.leaveGame":3,"stat.mineBlock.minecraft.cobblestone":39,"stat.pickup.minecraft.stone_pickaxe":1,"stat.pickup.minecraft.flint":1,"stat.craftItem.tombstone.grave_key":2,"stat.craftItem.minecraft.iron_axe":3,"stat.pickup.quark.limestone":28,"stat.pickup.tombstone.familiar_stone":3,"stat.mineBlock.srparasites.gore":11,"stat.craftItem.minecraft.wool":3,"stat.useItem.minecraft.mutton":4,"stat.useItem.spartanweaponry.greatsword_iron":50,"stat.swimOneCm":11891,"stat.mineBlock.quark.glowcelium":1,"stat.craftItem.minecraft.clock":1,"stat.climbOneCm":1859,"stat.useItem.minecraft.planks":3,"stat.drop.minecraft.cobblestone":2,"stat.pickup.minecraft.cooked_porkchop":5,"stat.pickup.minecraft.porkchop":19,"stat.useItem.minecraft.stone_slab2":50,"stat.pickup.minecraft.iron_boots":1,"stat.drop.minecraft.iron_sword":1,"stat.useItem.minecraft.water_bucket":6,"stat.pickup.minecraft.rotten_flesh":15,"stat.craftItem.minecraft.furnace":4,"stat.drop.spartanweaponry.boomerang_stone":1,"stat.useItem.minecraft.egg":5,"stat.craftItem.minecraft.stone_axe":2,"stat.craftItem.minecraft.iron_boots":2,"stat.craftItem.spartanshields.shield_tower_stone":2,"stat.craftItem.spartanweaponry.boomerang_stone":2,"stat.craftItem.minecraft.stone_pickaxe":7,"stat.craftItem.minecraft.cooked_beef":9,"stat.mineBlock.minecraft.obsidian":4,"stat.pickup.minecraft.cobblestone":894,"stat.craftItem.minecraft.bow":2,"stat.pickup.quark.biome_cobblestone":43,"stat.useItem.spartanweaponry.boomerang_stone":26,"stat.flyOneCm":145583,"stat.drop.minecraft.iron_helmet":1,"tombstone:villager_killed":3,"stat.useItem.minecraft.cooked_beef":8,"stat.pickup.quark.tallow":13,"stat.killEntity.Villager":3,"stat.pickup.minecraft.redstone":31,"stat.mineBlock.minecraft.iron_ore":43,"stat.timeSinceDeath":89348,"stat.useItem.minecraft.iron_pickaxe":543,"stat.craftItem.minecraft.wooden_pickaxe":1,"stat.pickup.minecraft.mutton":6,"stat.killEntity.Bat":1,"stat.craftItem.minecraft.golden_carrot":14,"stat.pickup.minecraft.stonebrick":44,"stat.furnaceInteraction":86,"stat.useItem.minecraft.golden_carrot":6,"stat.useItem.minecraft.cooked_porkchop":8,"stat.craftItem.spartanweaponry.material":3,"stat.killEntity.ZombieVillager":2,"stat.pickup.srparasites.lurecomponent2":1,"stat.mineBlock.minecraft.coal_ore":38,"stat.pickup.srparasites.lurecomponent1":7,"stat.killEntity.Creeper":1,"stat.talkedToVillager":1,"stat.pickup.minecraft.string":5,"stat.pickup.spartanshields.shield_tower_stone":1,"stat.pickup.minecraft.beef":6,"stat.pickup.minecraft.furnace":8,"stat.pickup.tombstone.crafting_ingredient":11,"stat.sprintOneCm":217591,"stat.craftItem.minecraft.stick":80,"stat.pickup.tombstone.magic_scroll":3,"stat.craftItem.minecraft.wooden_axe":1,"stat.killEntity.Horse":1,"stat.pickup.minecraft.stone_stairs":2,"stat.craftItem.minecraft.gold_nugget":117,"stat.mineBlock.minecraft.diamond_ore":8,"stat.mineBlock.minecraft.crafting_table":18,"tombstone:use_vanishing":1,"stat.useItem.minecraft.diamond_pickaxe":5,"stat.useItem.minecraft.carrot":7,"stat.useItem.spartanweaponry.halberd_iron":36,"stat.mineBlock.minecraft.oak_stairs":1,"stat.mineBlock.minecraft.planks":12,"stat.deaths":7,"stat.drop":25,"stat.craftItem.spartanweaponry.longsword_iron":1,"stat.pickup.minecraft.egg":5,"stat.playOneMinute":230346,"stat.killEntity.Sheep":2,"stat.craftItem.minecraft.iron_pickaxe":8,"stat.craftItem.minecraft.diamond_pickaxe":1,"stat.craftItem.spartanweaponry.greatsword_iron":1,"stat.killEntity.Zombie":19,"stat.craftItem.minecraft.dye":21,"stat.drop.minecraft.bread":1,"stat.drop.minecraft.torch":2,"stat.mineBlock.minecraft.gold_ore":29,"stat.mineBlock.minecraft.tallgrass":11,"stat.craftItem.minecraft.cooked_mutton":2,"stat.diveOneCm":26026,"stat.pickup.minecraft.wheat":4,"stat.chestOpened":3,"stat.pickup.minecraft.gravel":12,"stat.pickup.minecraft.arrow":9,"stat.pickup.minecraft.iron_sword":1,"stat.craftItem.minecraft.cooked_porkchop":17,"stat.pickup.minecraft.stone_axe":1,"stat.pickup.minecraft.obsidian":3,"stat.useItem.minecraft.rotten_flesh":2,"stat.drop.minecraft.iron_pickaxe":2,"stat.drop.minecraft.cooked_porkchop":7,"stat.craftItem.minecraft.iron_hoe":1,"stat.jump":2002,"stat.pickup.minecraft.coal":329,"stat.fallOneCm":17548,"stat.pickup.minecraft.iron_ingot":10,"stat.pickup.minecraft.carrot":59,"stat.useItem.minecraft.stone_axe":12,"stat.craftItem.minecraft.bread":1,"stat.pickup.minecraft.gunpowder":2,"stat.crouchOneCm":2231,"stat.pickup.minecraft.spider_eye":1,"stat.craftItem.minecraft.iron_ingot":99,"stat.craftItem.minecraft.torch":68,"stat.pickup.minecraft.dirt":27,"stat.craftItem.minecraft.iron_helmet":2,"stat.craftingTableInteraction":105,"stat.pickup.minecraft.iron_ore":123,"stat.pickup.minecraft.gold_ore":35,"stat.mineBlock.minecraft.lapis_ore":3,"stat.mineBlock.minecraft.stone_stairs":2,"stat.mineBlock.quark.limestone":2,"stat.damageTaken":4407,"stat.pickup.minecraft.feather":5,"stat.pickup.minecraft.leather":4,"stat.mineBlock.minecraft.torch":16,"stat.mineBlock.minecraft.furnace":6,"stat.useItem.minecraft.wooden_pickaxe":25,"stat.useItem.minecraft.furnace":1,"stat.pickup.srparasites.assimilated_flesh":13,"stat.pickup.minecraft.dye":20,"stat.pickup.minecraft.planks":52,"tombstone:undead_killed":30,"stat.useItem.tombstone.grave_key":19,"stat.pickup.minecraft.wheat_seeds":15,"stat.pickup.minecraft.potato":29,"stat.pickup.minecraft.oak_stairs":1,"stat.mineBlock.minecraft.gravel":7,"stat.useItem.minecraft.stone_pickaxe":319,"stat.craftItem.minecraft.iron_leggings":1,"stat.damageDealt":11228,"stat.craftItem.minecraft.baked_potato":21,"stat.killEntity.Cow":3,"stat.mineBlock.minecraft.dirt":6,"stat.useItem.minecraft.crafting_table":1,"stat.killEntity.VindicationIllager":3,"stat.killEntity.Pig":8,"stat.craftItem.minecraft.iron_sword":1,"stat.drop.minecraft.iron_axe":1,"stat.mineBlock.quark.biome_cobblestone":52,"stat.walkOneCm":590771,"stat.useItem.minecraft.bread":7,"stat.useItem.minecraft.torch":67,"stat.pickup.spartanweaponry.boomerang_stone":3,"stat.pickup.minecraft.stick":4,"stat.pickup.minecraft.crafting_table":22,"stat.pickup.minecraft.clay_ball":24,"stat.useItem.minecraft.cobblestone":135,"stat.craftItem.minecraft.crafting_table":1,"stat.killEntity.quark:stoneling":1,"stat.craftItem.srparasites.evclock":1,"stat.useItem.minecraft.lava_bucket":13,"stat.pickup.minecraft.log":60,"stat.drop.minecraft.chicken":2,"stat.craftItem.tombstone.dust_of_vanishing":1,"stat.pickup.minecraft.iron_pickaxe":2,"stat.pickup.quark.root_flower":1,"stat.useItem.tombstone.gift":2,"stat.craftItem.minecraft.gold_ingot":17,"stat.pickup.minecraft.stone":26,"stat.craftItem.minecraft.iron_chestplate":2,"stat.pickup.minecraft.baked_potato":8,"stat.pickup.minecraft.chicken":3,"stat.mineBlock.minecraft.packed_ice":2,"stat.pickup.minecraft.cooked_beef":6,"stat.killEntity.Skeleton":9,"stat.craftItem.spartanshields.shield_tower_wood":5,"stat.craftItem.minecraft.bucket":2,"stat.mineBlock.minecraft.stonebrick":44,"stat.useItem.minecraft.iron_sword":145,"stat.craftItem.minecraft.planks":56,"stat.killEntity.Chicken":2,"stat.drop.minecraft.crafting_table":1,"stat.killEntity.Spider":2,"stat.pickup.minecraft.bread":1,"stat.mobKills":84,"stat.useItem.minecraft.stonebrick":1,"stat.mineBlock.minecraft.log":15,"stat.craftItem.spartanweaponry.halberd_iron":1,"stat.pickup.minecraft.diamond":8,"stat.pickup.minecraft.torch":43,"stat.mineBlock.minecraft.redstone_ore":7,"stat.sneakTime":1679,"stat.pickup.minecraft.wool":5,"stat.pickup.minecraft.lava_bucket":1,"stat.drop.minecraft.stone_axe":1,"stat.useItem.minecraft.baked_potato":11,"stat.useItem.minecraft.wooden_axe":13,"stat.mineBlock.minecraft.stone":604,"stat.craftItem.spartanshields.shield_tower_iron":2}