{"stat.walkOneCm":18730,"stat.leaveGame":7,"stat.pickup.minecraft.crafting_table":1,"stat.craftItem.minecraft.crafting_table":1,"stat.pickup.srparasites.lurecomponent1":2,"stat.useItem.minecraft.porkchop":2,"stat.pickup.minecraft.log":4,"stat.jump":118,"stat.fallOneCm":1939,"stat.pickup.minecraft.porkchop":4,"stat.crouchOneCm":1,"stat.pickup.minecraft.dirt":10,"stat.useItem.minecraft.dirt":9,"stat.sprintOneCm":29702,"stat.useItem.minecraft.stone_slab2":3,"stat.craftItem.minecraft.stick":4,"stat.craftItem.minecraft.wooden_axe":1,"stat.craftingTableInteraction":1,"stat.craftItem.minecraft.planks":16,"stat.mineBlock.minecraft.crafting_table":1,"stat.mobKills":2,"stat.mineBlock.minecraft.log":4,"stat.flyOneCm":27454,"stat.playOneMinute":28298,"stat.sneakTime":19,"stat.pickup.quark.tallow":3,"stat.damageDealt":210,"stat.timeSinceDeath":28298,"stat.useItem.minecraft.wooden_axe":5,"stat.mineBlock.minecraft.dirt":10,"stat.killEntity.Pig":2}