{"stat.useItem.minecraft.bow":31,"stat.pickup.draconicevolution.draconium_dust":128,"stat.leaveGame":6,"stat.craftItem.minecraft.iron_axe":4,"stat.pickup.quark.limestone":28,"stat.pickup.tombstone.familiar_stone":5,"stat.useItem.minecraft.mutton":4,"stat.pickup.srparasites.parasitecanister":1,"stat.useItem.minecraft.planks":3,"stat.pickup.minecraft.porkchop":19,"stat.drop.minecraft.iron_sword":1,"stat.useItem.minecraft.water_bucket":55,"stat.pickup.srparasites.ada_longarms_drop":4,"stat.pickup.minecraft.rotten_flesh":46,"stat.craftItem.minecraft.stone_axe":3,"stat.craftItem.spartanweaponry.boomerang_stone":2,"stat.killEntity.Enderman":3,"stat.useItem.spartanweaponry.boomerang_stone":26,"stat.pickup.minecraft.brown_mushroom":3,"tombstone:villager_killed":3,"stat.killEntity.Witch":1,"stat.pickup.quark.tallow":13,"stat.killEntity.Villager":3,"stat.useItem.minecraft.iron_pickaxe":3070,"stat.craftItem.minecraft.wooden_pickaxe":1,"stat.drop.minecraft.cooked_mutton":2,"stat.craftItem.minecraft.bed":1,"stat.pickup.spartanweaponry.greatsword_iron":1,"stat.craftItem.minecraft.golden_carrot":14,"stat.furnaceInteraction":133,"stat.useItem.minecraft.golden_carrot":13,"stat.craftItem.spartanweaponry.material":4,"stat.mineBlock.quark.slate":1,"stat.killEntity.ZombieVillager":5,"stat.pickup.srparasites.lurecomponent2":1,"stat.pickup.srparasites.lurecomponent3":4,"stat.pickup.srparasites.lurecomponent1":7,"stat.pickup.spartanshields.shield_tower_stone":1,"stat.pickup.minecraft.beef":6,"stat.pickup.minecraft.furnace":8,"stat.useItem.minecraft.cooked_mutton":7,"stat.pickup.tombstone.magic_scroll":5,"stat.killEntity.Horse":1,"stat.pickup.minecraft.stone_stairs":2,"stat.craftItem.quark.arrow_explosive":1,"stat.pickup.minecraft.emerald":2,"stat.useItem.minecraft.dye":49,"stat.useItem.spartanweaponry.halberd_iron":240,"stat.pickup.spartanweaponry.halberd_iron":1,"stat.mineBlock.minecraft.oak_stairs":1,"stat.deaths":7,"stat.craftItem.spartanweaponry.longsword_iron":1,"stat.pickup.minecraft.egg":5,"stat.playOneMinute":594666,"stat.craftItem.minecraft.iron_pickaxe":22,"stat.pickup.draconicevolution.draconium_ingot":1,"stat.drop.minecraft.torch":4,"stat.mineBlock.minecraft.tallgrass":15,"stat.craftItem.minecraft.cooked_mutton":2,"stat.pickup.minecraft.cooked_mutton":7,"stat.chestOpened":8,"stat.pickup.minecraft.arrow":29,"stat.pickup.minecraft.iron_sword":1,"stat.drop.minecraft.iron_pickaxe":2,"stat.craftItem.minecraft.iron_hoe":1,"stat.fallOneCm":37924,"stat.pickup.minecraft.carrot":59,"stat.pickup.quark.slate":5,"stat.crouchOneCm":5729,"stat.craftItem.minecraft.iron_ingot":206,"stat.pickup.minecraft.red_mushroom":1,"stat.craftingTableInteraction":139,"stat.mineBlock.quark.limestone":2,"stat.pickup.minecraft.feather":5,"stat.useItem.minecraft.furnace":1,"stat.useItem.minecraft.reeds":1,"stat.pickup.minecraft.dye":276,"stat.pickup.minecraft.planks":57,"stat.pickup.minecraft.wheat_seeds":15,"stat.mineBlock.minecraft.gravel":15,"stat.useItem.minecraft.stone_pickaxe":319,"stat.craftItem.minecraft.iron_leggings":1,"stat.mineBlock.minecraft.dirt":53,"stat.killEntity.VindicationIllager":3,"stat.pickup.minecraft.poisonous_potato":2,"stat.drop.minecraft.iron_axe":1,"stat.mineBlock.quark.biome_cobblestone":90,"stat.mineBlock.minecraft.monster_egg":4,"stat.useItem.minecraft.bread":7,"stat.useItem.minecraft.torch":416,"stat.pickup.minecraft.crafting_table":24,"stat.useItem.minecraft.cobblestone":1498,"stat.mineBlock.draconicevolution.draconium_ore":36,"stat.craftItem.minecraft.crafting_table":3,"stat.craftItem.srparasites.evclock":1,"stat.mineBlock.minecraft.double_plant":2,"stat.mineBlock.quark.stone_speleothem":7,"stat.mineBlock.minecraft.emerald_ore":2,"stat.pickup.minecraft.log":153,"stat.drop.minecraft.chicken":2,"stat.craftItem.tombstone.dust_of_vanishing":1,"stat.pickup.minecraft.iron_pickaxe":3,"stat.craftItem.minecraft.gold_ingot":21,"stat.pickup.minecraft.chicken":3,"stat.pickup.minecraft.sapling":5,"stat.craftItem.draconicevolution.draconium_ingot":8,"stat.craftItem.spartanshields.shield_tower_wood":5,"stat.craftItem.minecraft.bucket":2,"stat.useItem.minecraft.iron_sword":145,"stat.craftItem.minecraft.planks":160,"stat.itemEnchanted":5,"stat.pickup.quark.root":1,"stat.useItem.minecraft.stonebrick":1,"stat.pickup.minecraft.book":1,"stat.mineBlock.minecraft.log":109,"stat.craftItem.spartanweaponry.halberd_iron":2,"stat.sneakTime":4504,"stat.pickup.minecraft.wool":9,"stat.useItem.minecraft.baked_potato":54,"stat.useItem.minecraft.wooden_axe":13,"stat.craftItem.minecraft.enchanting_table":1,"stat.drop.minecraft.stone_pickaxe":3,"stat.pickup.minecraft.bone":27,"stat.useItem.minecraft.iron_axe":53,"stat.mineBlock.minecraft.cobblestone":234,"stat.pickup.minecraft.stone_pickaxe":1,"stat.pickup.minecraft.flint":2,"stat.craftItem.tombstone.grave_key":2,"stat.mineBlock.srparasites.gore":19,"stat.pickup.quark.diamond_heart":1,"stat.craftItem.minecraft.wool":3,"stat.useItem.spartanweaponry.greatsword_iron":53,"stat.swimOneCm":55129,"stat.mineBlock.quark.glowcelium":1,"stat.craftItem.minecraft.clock":1,"stat.climbOneCm":1859,"stat.drop.minecraft.cobblestone":24,"stat.pickup.minecraft.cooked_porkchop":5,"stat.useItem.minecraft.stone_slab2":135,"stat.pickup.minecraft.bow":3,"stat.pickup.minecraft.iron_boots":1,"stat.craftItem.minecraft.furnace":7,"stat.drop.spartanweaponry.boomerang_stone":1,"stat.useItem.minecraft.egg":5,"stat.pickup.minecraft.enchanting_table":1,"stat.craftItem.minecraft.iron_boots":2,"stat.craftItem.spartanshields.shield_tower_stone":2,"stat.craftItem.minecraft.stone_pickaxe":7,"stat.craftItem.minecraft.cooked_beef":9,"stat.mineBlock.minecraft.obsidian":11,"stat.pickup.minecraft.cobblestone":3326,"stat.craftItem.minecraft.bow":2,"stat.pickup.quark.biome_cobblestone":80,"stat.mineBlock.minecraft.clay":3,"stat.flyOneCm":237778,"stat.drop.minecraft.iron_helmet":1,"stat.useItem.minecraft.cooked_beef":9,"stat.pickup.minecraft.redstone":698,"stat.mineBlock.minecraft.iron_ore":250,"stat.timeSinceDeath":453668,"stat.pickup.minecraft.mutton":6,"stat.pickup.minecraft.mossy_cobblestone":5,"stat.craftItem.minecraft.iron_block":3,"stat.killEntity.Bat":2,"stat.useItem.minecraft.potato":75,"stat.pickup.minecraft.stonebrick":58,"stat.mineBlock.minecraft.enchanting_table":1,"stat.useItem.minecraft.cooked_porkchop":8,"stat.mineBlock.minecraft.coal_ore":242,"stat.killEntity.Creeper":6,"stat.talkedToVillager":1,"stat.drop.minecraft.baked_potato":35,"stat.drop.spartanweaponry.halberd_iron":1,"stat.pickup.minecraft.string":14,"stat.pickup.tombstone.crafting_ingredient":20,"stat.sprintOneCm":644610,"stat.drop.minecraft.leather":4,"stat.craftItem.minecraft.stick":216,"stat.craftItem.minecraft.wooden_axe":1,"stat.craftItem.minecraft.gold_nugget":117,"stat.craftItem.minecraft.stone":60,"stat.mineBlock.minecraft.diamond_ore":28,"stat.mineBlock.minecraft.crafting_table":20,"tombstone:use_vanishing":1,"stat.useItem.minecraft.diamond_pickaxe":962,"stat.useItem.minecraft.carrot":7,"stat.mineBlock.minecraft.planks":12,"stat.drop":94,"stat.killEntity.Sheep":5,"stat.pickup.minecraft.slime_ball":11,"stat.craftItem.minecraft.diamond_pickaxe":1,"stat.drop.draconicevolution.draconium_ingot":1,"stat.craftItem.spartanweaponry.greatsword_iron":1,"stat.killEntity.Zombie":44,"stat.craftItem.minecraft.dye":69,"stat.drop.minecraft.bread":1,"stat.mineBlock.minecraft.gold_ore":70,"stat.diveOneCm":26276,"stat.pickup.minecraft.wheat":4,"stat.mineBlock.minecraft.mossy_cobblestone":4,"stat.pickup.minecraft.gravel":19,"stat.craftItem.minecraft.cooked_porkchop":19,"stat.killEntity.Slime":14,"stat.pickup.minecraft.stone_axe":1,"stat.useItem.quark.biome_cobblestone":19,"stat.pickup.minecraft.obsidian":8,"stat.useItem.minecraft.rotten_flesh":2,"stat.drop.minecraft.cooked_porkchop":7,"stat.jump":4670,"stat.pickup.minecraft.coal":529,"stat.pickup.minecraft.iron_ingot":11,"stat.useItem.minecraft.stone_axe":133,"stat.craftItem.minecraft.bread":1,"stat.pickup.minecraft.gunpowder":17,"stat.pickup.minecraft.spider_eye":1,"stat.craftItem.minecraft.torch":408,"stat.pickup.minecraft.dirt":89,"stat.craftItem.minecraft.iron_helmet":2,"stat.pickup.minecraft.iron_ore":328,"stat.pickup.minecraft.gold_ore":75,"stat.mineBlock.minecraft.lapis_ore":36,"stat.mineBlock.minecraft.stone_stairs":2,"stat.damageTaken":6832,"stat.pickup.minecraft.leather":4,"stat.mineBlock.minecraft.torch":51,"stat.mineBlock.minecraft.furnace":6,"stat.useItem.minecraft.wooden_pickaxe":25,"stat.pickup.srparasites.assimilated_flesh":19,"stat.pickup.minecraft.reeds":48,"stat.killEntity.CaveSpider":1,"tombstone:undead_killed":76,"stat.useItem.tombstone.grave_key":19,"stat.pickup.minecraft.potato":275,"stat.pickup.minecraft.oak_stairs":1,"stat.damageDealt":22466,"stat.sleepInBed":2,"stat.craftItem.minecraft.baked_potato":105,"stat.craftItem.minecraft.anvil":1,"stat.killEntity.Silverfish":4,"stat.killEntity.Cow":3,"stat.mineBlock.quark.roots_blue_flower":1,"stat.useItem.minecraft.crafting_table":1,"stat.killEntity.Pig":8,"stat.craftItem.minecraft.iron_sword":1,"stat.walkOneCm":1647467,"stat.useItem.quark.custom_chest":3,"stat.pickup.spartanweaponry.boomerang_stone":3,"stat.pickup.minecraft.stick":7,"stat.craftItem.quark.custom_chest":4,"stat.pickup.minecraft.clay_ball":36,"stat.killEntity.quark:stoneling":1,"stat.useItem.minecraft.lava_bucket":13,"stat.pickup.quark.root_flower":8,"stat.useItem.tombstone.gift":3,"stat.pickup.minecraft.stone":26,"stat.craftItem.minecraft.iron_chestplate":2,"stat.pickup.minecraft.baked_potato":55,"stat.drop.minecraft.potato":2,"stat.mineBlock.minecraft.packed_ice":7,"stat.pickup.minecraft.ender_pearl":1,"stat.pickup.minecraft.cooked_beef":6,"stat.killEntity.Skeleton":24,"stat.mineBlock.minecraft.stonebrick":44,"stat.killEntity.Chicken":2,"stat.drop.minecraft.crafting_table":1,"stat.mineBlock.srparasites.infestremain":7,"stat.killEntity.Spider":4,"stat.pickup.minecraft.bread":1,"stat.killEntity.quark:dweller":2,"stat.mobKills":182,"stat.pickup.minecraft.diamond":28,"stat.mineBlock.minecraft.leaves":29,"stat.pickup.minecraft.torch":78,"stat.mineBlock.srparasites.parasitecanister":1,"stat.mineBlock.minecraft.redstone_ore":160,"stat.pickup.minecraft.lava_bucket":1,"stat.drop.minecraft.stone_axe":1,"stat.killEntity.quark:ashen":1,"stat.mineBlock.minecraft.stone":3090,"stat.craftItem.spartanshields.shield_tower_iron":2}