{"stat.walkOneCm":59230,"stat.leaveGame":7,"stat.pickup.minecraft.arrow":2,"stat.pickup.minecraft.crafting_table":3,"stat.craftItem.minecraft.crafting_table":1,"stat.mineBlock.minecraft.double_plant":1,"stat.pickup.srparasites.lurecomponent1":2,"stat.useItem.minecraft.porkchop":4,"stat.pickup.minecraft.log":8,"stat.jump":388,"stat.fallOneCm":7386,"stat.pickup.minecraft.beef":6,"stat.pickup.minecraft.porkchop":6,"stat.crouchOneCm":98,"stat.pickup.minecraft.chicken":1,"stat.pickup.minecraft.dirt":12,"stat.useItem.minecraft.dirt":9,"stat.sprintOneCm":68648,"stat.useItem.minecraft.stone_slab2":4,"stat.craftItem.minecraft.stick":8,"stat.craftItem.minecraft.wooden_axe":2,"stat.craftingTableInteraction":3,"stat.pickup.minecraft.sand":1,"stat.craftItem.spartanshields.shield_tower_wood":1,"stat.craftItem.minecraft.planks":32,"stat.killEntity.Chicken":1,"stat.mineBlock.minecraft.crafting_table":3,"stat.pickup.minecraft.feather":2,"stat.damageTaken":414,"stat.pickup.minecraft.leather":1,"stat.mobKills":11,"stat.pickup.srparasites.assimilated_flesh":2,"stat.mineBlock.minecraft.log":8,"stat.useItem.minecraft.beef":4,"stat.flyOneCm":94754,"stat.deaths":1,"stat.mineBlock.minecraft.sand":1,"stat.playOneMinute":37969,"stat.sneakTime":29,"stat.pickup.quark.tallow":5,"stat.damageDealt":1455,"stat.timeSinceDeath":1434,"stat.useItem.minecraft.wooden_axe":39,"stat.killEntity.Cow":3,"stat.mineBlock.minecraft.dirt":12,"stat.killEntity.Pig":3,"stat.mineBlock.minecraft.tallgrass":10}