{"stat.drop.minecraft.stone_pickaxe":3,"stat.drop.minecraft.waterlily":3,"stat.pickup.minecraft.bone":2,"stat.leaveGame":16,"stat.mineBlock.minecraft.cobblestone":2,"stat.pickup.minecraft.stone_pickaxe":3,"stat.pickup.minecraft.flint":1,"stat.craftItem.spartanweaponry.throwing_knife_stone":1,"stat.mineBlock.srparasites.gore":6,"stat.pickup.srparasites.parasitecanister":1,"stat.swimOneCm":9215,"stat.useItem.minecraft.planks":27,"stat.climbOneCm":153,"stat.pickup.minecraft.porkchop":12,"stat.useItem.minecraft.dirt":22,"stat.useItem.minecraft.stone_slab2":24,"stat.pickup.srparasites.ada_longarms_drop":2,"stat.pickup.minecraft.rotten_flesh":5,"stat.pickup.minecraft.sand":3,"stat.craftItem.minecraft.furnace":1,"stat.entityKilledBy.Spider":1,"stat.useItem.minecraft.egg":1,"stat.useItem.spartanweaponry.throwing_knife_stone":10,"stat.craftItem.minecraft.stone_axe":2,"stat.craftItem.spartanshields.shield_tower_stone":5,"stat.pickup.minecraft.bucket":1,"stat.craftItem.spartanweaponry.boomerang_stone":2,"stat.craftItem.minecraft.stone_pickaxe":6,"stat.craftItem.minecraft.cooked_beef":13,"stat.pickup.minecraft.cobblestone":157,"stat.useItem.spartanweaponry.boomerang_stone":16,"stat.flyOneCm":259481,"stat.mineBlock.minecraft.sand":1,"stat.drop.minecraft.wheat_seeds":1,"stat.useItem.minecraft.cooked_beef":2,"stat.pickup.quark.tallow":17,"stat.timeSinceDeath":71722,"stat.craftItem.minecraft.wooden_pickaxe":1,"stat.pickup.minecraft.mutton":7,"stat.pickup.spartanshields.shield_tower_wood":2,"stat.pickup.minecraft.wooden_axe":2,"stat.furnaceInteraction":27,"stat.useItem.minecraft.cooked_porkchop":2,"stat.craftItem.spartanweaponry.material":1,"stat.mineBlock.minecraft.coal_ore":17,"stat.pickup.srparasites.lurecomponent1":8,"stat.killEntity.Creeper":1,"stat.pickup.srparasites.lurecomponent4":1,"stat.pickup.minecraft.string":1,"stat.pickup.spartanshields.shield_tower_stone":2,"stat.pickup.minecraft.beef":24,"stat.pickup.minecraft.furnace":2,"stat.useItem.minecraft.cooked_mutton":1,"stat.entityKilledBy.Skeleton":1,"stat.sprintOneCm":319034,"stat.craftItem.minecraft.stick":60,"stat.craftItem.minecraft.wooden_axe":4,"stat.craftItem.spartanweaponry.club_studded":2,"stat.mineBlock.minecraft.crafting_table":11,"stat.useItem.minecraft.beef":7,"stat.deaths":25,"stat.drop":14,"stat.pickup.minecraft.egg":2,"stat.playOneMinute":162643,"stat.killEntity.Sheep":4,"stat.craftItem.minecraft.iron_pickaxe":1,"stat.killEntity.Zombie":1,"stat.mineBlock.minecraft.tallgrass":48,"stat.craftItem.minecraft.cooked_mutton":7,"stat.diveOneCm":4285,"stat.pickup.minecraft.cooked_mutton":4,"stat.chestOpened":10,"stat.drop.minecraft.wooden_pickaxe":1,"stat.pickup.minecraft.gravel":1,"stat.pickup.minecraft.arrow":3,"stat.pickup.minecraft.waterlily":3,"stat.craftItem.minecraft.cooked_porkchop":6,"stat.pickup.minecraft.stone_axe":3,"stat.useItem.minecraft.porkchop":4,"stat.useItem.minecraft.rotten_flesh":2,"stat.drop.minecraft.iron_pickaxe":1,"stat.jump":1759,"stat.pickup.minecraft.coal":152,"stat.fallOneCm":25830,"stat.useItem.minecraft.stone_axe":164,"stat.crouchOneCm":2072,"stat.craftItem.minecraft.torch":60,"stat.craftItem.minecraft.chest":1,"stat.craftItem.minecraft.iron_ingot":22,"stat.pickup.minecraft.dirt":83,"stat.useItem.minecraft.cooked_chicken":2,"stat.craftingTableInteraction":39,"stat.pickup.minecraft.iron_ore":22,"stat.boatOneCm":27385,"stat.pickup.minecraft.wooden_pickaxe":1,"stat.pickup.minecraft.feather":5,"stat.damageTaken":5548,"stat.pickup.minecraft.leather":5,"stat.mineBlock.minecraft.furnace":2,"stat.mineBlock.minecraft.torch":2,"stat.mineBlock.minecraft.red_flower":1,"stat.useItem.minecraft.wooden_pickaxe":6,"stat.pickup.srparasites.assimilated_flesh":6,"stat.pickup.minecraft.planks":83,"stat.pickup.minecraft.wheat_seeds":6,"stat.mineBlock.minecraft.gravel":1,"stat.useItem.minecraft.stone_pickaxe":124,"stat.damageDealt":4904,"stat.craftItem.spartanweaponry.club_wood":2,"stat.killEntity.Cow":8,"stat.mineBlock.minecraft.dirt":76,"stat.useItem.minecraft.crafting_table":2,"stat.killEntity.Pig":4,"stat.pickup.minecraft.boat":1,"stat.walkOneCm":330815,"stat.useItem.minecraft.torch":6,"stat.pickup.minecraft.stick":15,"stat.pickup.minecraft.crafting_table":13,"stat.useItem.minecraft.cobblestone":13,"stat.craftItem.minecraft.crafting_table":3,"stat.mineBlock.minecraft.double_plant":3,"stat.drop.srparasites.parasitecanister":1,"stat.useItem.minecraft.lava_bucket":1,"stat.useItem.spartanweaponry.club_studded":9,"stat.craftItem.minecraft.boat":1,"stat.pickup.minecraft.log":140,"stat.pickup.minecraft.iron_pickaxe":1,"stat.pickup.minecraft.stone":1,"stat.pickup.minecraft.chicken":15,"stat.pickup.minecraft.sapling":17,"stat.drop.srparasites.assimilated_flesh":1,"stat.pickup.minecraft.cooked_beef":1,"stat.pickup.minecraft.apple":1,"stat.craftItem.spartanshields.shield_tower_wood":6,"stat.craftItem.minecraft.bucket":2,"stat.craftItem.minecraft.planks":272,"stat.killEntity.Chicken":3,"stat.drop.minecraft.crafting_table":1,"stat.pickup.quark.frog_leg":2,"stat.mobKills":41,"stat.killEntity.quark:frog":2,"stat.mineBlock.minecraft.log":141,"stat.craftItem.minecraft.cooked_chicken":12,"stat.useItem.minecraft.boat":1,"stat.mineBlock.minecraft.leaves":50,"stat.pickup.minecraft.torch":10,"stat.mineBlock.srparasites.parasitecanister":1,"stat.pickup.minecraft.red_flower":3,"stat.sneakTime":690,"stat.drop.minecraft.bucket":2,"stat.useItem.minecraft.wooden_axe":96,"stat.mineBlock.minecraft.stone":106}