{"stat.chestOpened":1,"stat.drop.minecraft.stone_pickaxe":3,"stat.pickup.minecraft.bone":1,"stat.useItem.minecraft.iron_axe":2,"stat.leaveGame":2,"stat.pickup.minecraft.arrow":2,"stat.pickup.minecraft.iron_sword":1,"stat.mineBlock.minecraft.cobblestone":25,"stat.craftItem.minecraft.cooked_porkchop":4,"stat.pickup.minecraft.stone_pickaxe":1,"stat.pickup.minecraft.stone_axe":1,"stat.craftItem.tombstone.grave_key":1,"stat.craftItem.minecraft.iron_axe":2,"stat.pickup.quark.limestone":2,"stat.pickup.tombstone.familiar_stone":2,"stat.mineBlock.srparasites.gore":9,"stat.useItem.minecraft.rotten_flesh":2,"stat.drop.minecraft.iron_pickaxe":1,"stat.useItem.minecraft.mutton":4,"stat.jump":691,"stat.swimOneCm":2149,"stat.pickup.minecraft.coal":262,"stat.fallOneCm":7507,"stat.climbOneCm":1757,"stat.pickup.minecraft.carrot":43,"stat.pickup.minecraft.cooked_porkchop":3,"stat.useItem.minecraft.stone_axe":7,"stat.pickup.minecraft.porkchop":4,"stat.craftItem.minecraft.bread":1,"stat.crouchOneCm":814,"stat.pickup.minecraft.spider_eye":1,"stat.craftItem.minecraft.iron_ingot":72,"stat.craftItem.minecraft.torch":24,"stat.pickup.minecraft.dirt":5,"stat.craftItem.minecraft.iron_helmet":2,"stat.useItem.minecraft.stone_slab2":20,"stat.pickup.minecraft.iron_boots":1,"stat.drop.minecraft.iron_sword":1,"stat.craftingTableInteraction":39,"stat.pickup.minecraft.iron_ore":44,"stat.pickup.minecraft.rotten_flesh":11,"stat.craftItem.minecraft.furnace":2,"stat.pickup.minecraft.gold_ore":19,"stat.craftItem.minecraft.stone_axe":1,"stat.craftItem.minecraft.iron_boots":2,"stat.mineBlock.minecraft.stone_stairs":2,"stat.mineBlock.quark.limestone":2,"stat.damageTaken":2838,"stat.craftItem.spartanshields.shield_tower_stone":2,"stat.craftItem.spartanweaponry.boomerang_stone":2,"stat.mineBlock.minecraft.torch":4,"stat.craftItem.minecraft.stone_pickaxe":6,"stat.mineBlock.minecraft.furnace":4,"stat.useItem.minecraft.wooden_pickaxe":25,"stat.useItem.minecraft.furnace":1,"stat.pickup.minecraft.cobblestone":282,"stat.pickup.srparasites.assimilated_flesh":6,"stat.pickup.minecraft.dye":3,"stat.pickup.minecraft.planks":32,"stat.useItem.spartanweaponry.boomerang_stone":15,"stat.flyOneCm":61574,"stat.drop.minecraft.iron_helmet":1,"tombstone:undead_killed":14,"stat.useItem.tombstone.grave_key":8,"stat.pickup.minecraft.wheat_seeds":15,"stat.pickup.minecraft.potato":28,"stat.pickup.minecraft.oak_stairs":1,"tombstone:villager_killed":3,"stat.useItem.minecraft.stone_pickaxe":188,"stat.craftItem.minecraft.iron_leggings":1,"stat.pickup.quark.tallow":4,"stat.killEntity.Villager":3,"stat.damageDealt":4741,"stat.mineBlock.minecraft.iron_ore":27,"stat.craftItem.minecraft.baked_potato":21,"stat.timeSinceDeath":34444,"stat.mineBlock.minecraft.dirt":2,"stat.useItem.minecraft.iron_pickaxe":29,"stat.useItem.minecraft.crafting_table":1,"stat.craftItem.minecraft.wooden_pickaxe":1,"stat.killEntity.Pig":2,"stat.pickup.minecraft.mutton":4,"stat.craftItem.minecraft.iron_sword":1,"stat.drop.minecraft.iron_axe":1,"stat.killEntity.Bat":1,"stat.walkOneCm":185661,"stat.useItem.minecraft.bread":7,"stat.useItem.minecraft.torch":12,"stat.pickup.spartanweaponry.boomerang_stone":2,"stat.pickup.minecraft.stick":4,"stat.pickup.minecraft.crafting_table":11,"stat.useItem.minecraft.cobblestone":47,"stat.craftItem.minecraft.crafting_table":1,"stat.furnaceInteraction":51,"stat.useItem.minecraft.cooked_porkchop":2,"stat.craftItem.spartanweaponry.material":2,"stat.killEntity.ZombieVillager":2,"stat.mineBlock.minecraft.coal_ore":5,"stat.pickup.srparasites.lurecomponent1":2,"stat.killEntity.Creeper":1,"stat.talkedToVillager":1,"stat.pickup.minecraft.log":14,"stat.pickup.minecraft.string":2,"stat.pickup.spartanshields.shield_tower_stone":1,"stat.pickup.minecraft.iron_pickaxe":1,"stat.useItem.tombstone.gift":1,"stat.pickup.minecraft.furnace":6,"stat.pickup.tombstone.crafting_ingredient":5,"stat.craftItem.minecraft.gold_ingot":6,"stat.pickup.minecraft.stone":23,"stat.craftItem.minecraft.iron_chestplate":2,"stat.pickup.minecraft.baked_potato":8,"stat.sprintOneCm":80620,"stat.craftItem.minecraft.stick":40,"stat.pickup.tombstone.magic_scroll":2,"stat.craftItem.minecraft.wooden_axe":1,"stat.killEntity.Skeleton":1,"stat.craftItem.spartanshields.shield_tower_wood":3,"stat.killEntity.Horse":1,"stat.craftItem.minecraft.bucket":2,"stat.useItem.minecraft.iron_sword":135,"stat.craftItem.minecraft.planks":52,"stat.pickup.minecraft.stone_stairs":2,"stat.drop.minecraft.crafting_table":1,"stat.mineBlock.minecraft.crafting_table":7,"stat.killEntity.Spider":1,"stat.pickup.minecraft.bread":1,"stat.useItem.minecraft.carrot":7,"stat.mobKills":40,"stat.mineBlock.minecraft.log":15,"stat.mineBlock.minecraft.oak_stairs":1,"stat.mineBlock.minecraft.planks":10,"stat.deaths":6,"stat.drop":10,"stat.craftItem.spartanweaponry.longsword_iron":1,"stat.playOneMinute":89319,"stat.pickup.minecraft.torch":30,"stat.killEntity.Sheep":2,"stat.sneakTime":438,"stat.craftItem.minecraft.iron_pickaxe":3,"stat.pickup.minecraft.wool":4,"stat.pickup.minecraft.lava_bucket":1,"stat.drop.minecraft.stone_axe":1,"stat.craftItem.spartanweaponry.greatsword_iron":1,"stat.killEntity.Zombie":11,"stat.useItem.minecraft.baked_potato":5,"stat.craftItem.minecraft.dye":3,"stat.drop.minecraft.bread":1,"stat.useItem.minecraft.wooden_axe":13,"stat.mineBlock.minecraft.stone":161,"stat.mineBlock.minecraft.gold_ore":13,"stat.mineBlock.minecraft.tallgrass":9,"stat.diveOneCm":1936,"stat.pickup.minecraft.wheat":4}