{"stat.drop.minecraft.stone_pickaxe":3,"stat.pickup.minecraft.bone":2,"stat.leaveGame":16,"stat.pickup.minecraft.stone_pickaxe":3,"stat.pickup.minecraft.flint":1,"stat.mineBlock.srparasites.gore":6,"stat.pickup.srparasites.parasitecanister":1,"stat.swimOneCm":5512,"stat.useItem.minecraft.planks":27,"stat.pickup.minecraft.porkchop":12,"stat.useItem.minecraft.dirt":22,"stat.useItem.minecraft.stone_slab2":24,"stat.pickup.srparasites.ada_longarms_drop":2,"stat.pickup.minecraft.rotten_flesh":5,"stat.pickup.minecraft.sand":3,"stat.craftItem.minecraft.furnace":1,"stat.entityKilledBy.Spider":1,"stat.useItem.minecraft.egg":1,"stat.craftItem.minecraft.stone_axe":2,"stat.craftItem.spartanshields.shield_tower_stone":5,"stat.pickup.minecraft.bucket":1,"stat.craftItem.spartanweaponry.boomerang_stone":2,"stat.craftItem.minecraft.stone_pickaxe":6,"stat.craftItem.minecraft.cooked_beef":13,"stat.pickup.minecraft.cobblestone":150,"stat.useItem.spartanweaponry.boomerang_stone":16,"stat.flyOneCm":242936,"stat.mineBlock.minecraft.sand":1,"stat.drop.minecraft.wheat_seeds":1,"stat.useItem.minecraft.cooked_beef":2,"stat.pickup.quark.tallow":17,"stat.timeSinceDeath":59122,"stat.craftItem.minecraft.wooden_pickaxe":1,"stat.pickup.minecraft.mutton":7,"stat.pickup.spartanshields.shield_tower_wood":2,"stat.pickup.minecraft.wooden_axe":2,"stat.furnaceInteraction":27,"stat.useItem.minecraft.cooked_porkchop":2,"stat.mineBlock.minecraft.coal_ore":9,"stat.pickup.srparasites.lurecomponent1":4,"stat.killEntity.Creeper":1,"stat.pickup.srparasites.lurecomponent4":1,"stat.pickup.minecraft.string":1,"stat.pickup.spartanshields.shield_tower_stone":2,"stat.pickup.minecraft.beef":24,"stat.pickup.minecraft.furnace":2,"stat.useItem.minecraft.cooked_mutton":1,"stat.entityKilledBy.Skeleton":1,"stat.sprintOneCm":288332,"stat.craftItem.minecraft.stick":52,"stat.craftItem.minecraft.wooden_axe":4,"stat.craftItem.spartanweaponry.club_studded":2,"stat.mineBlock.minecraft.crafting_table":10,"stat.useItem.minecraft.beef":7,"stat.deaths":25,"stat.drop":10,"stat.pickup.minecraft.egg":1,"stat.playOneMinute":150043,"stat.killEntity.Sheep":4,"stat.craftItem.minecraft.iron_pickaxe":1,"stat.killEntity.Zombie":1,"stat.mineBlock.minecraft.tallgrass":48,"stat.craftItem.minecraft.cooked_mutton":7,"stat.diveOneCm":4285,"stat.pickup.minecraft.cooked_mutton":4,"stat.chestOpened":10,"stat.drop.minecraft.wooden_pickaxe":1,"stat.pickup.minecraft.gravel":1,"stat.pickup.minecraft.arrow":3,"stat.craftItem.minecraft.cooked_porkchop":6,"stat.pickup.minecraft.stone_axe":3,"stat.useItem.minecraft.porkchop":4,"stat.useItem.minecraft.rotten_flesh":2,"stat.drop.minecraft.iron_pickaxe":1,"stat.jump":1596,"stat.pickup.minecraft.coal":146,"stat.fallOneCm":23703,"stat.useItem.minecraft.stone_axe":160,"stat.crouchOneCm":2072,"stat.craftItem.minecraft.torch":60,"stat.craftItem.minecraft.chest":1,"stat.craftItem.minecraft.iron_ingot":22,"stat.pickup.minecraft.dirt":79,"stat.craftingTableInteraction":35,"stat.pickup.minecraft.iron_ore":22,"stat.pickup.minecraft.wooden_pickaxe":1,"stat.pickup.minecraft.feather":3,"stat.damageTaken":5442,"stat.pickup.minecraft.leather":5,"stat.mineBlock.minecraft.furnace":2,"stat.mineBlock.minecraft.torch":2,"stat.useItem.minecraft.wooden_pickaxe":6,"stat.pickup.srparasites.assimilated_flesh":6,"stat.pickup.minecraft.planks":57,"stat.pickup.minecraft.wheat_seeds":5,"stat.mineBlock.minecraft.gravel":1,"stat.useItem.minecraft.stone_pickaxe":113,"stat.damageDealt":4381,"stat.craftItem.spartanweaponry.club_wood":2,"stat.killEntity.Cow":8,"stat.mineBlock.minecraft.dirt":72,"stat.useItem.minecraft.crafting_table":1,"stat.killEntity.Pig":4,"stat.walkOneCm":308088,"stat.useItem.minecraft.torch":6,"stat.pickup.minecraft.stick":15,"stat.pickup.minecraft.crafting_table":11,"stat.useItem.minecraft.cobblestone":10,"stat.craftItem.minecraft.crafting_table":3,"stat.mineBlock.minecraft.double_plant":3,"stat.drop.srparasites.parasitecanister":1,"stat.useItem.minecraft.lava_bucket":1,"stat.useItem.spartanweaponry.club_studded":3,"stat.pickup.minecraft.log":140,"stat.pickup.minecraft.iron_pickaxe":1,"stat.pickup.minecraft.stone":1,"stat.pickup.minecraft.chicken":13,"stat.pickup.minecraft.sapling":17,"stat.drop.srparasites.assimilated_flesh":1,"stat.pickup.minecraft.cooked_beef":1,"stat.pickup.minecraft.apple":1,"stat.craftItem.spartanshields.shield_tower_wood":6,"stat.craftItem.minecraft.bucket":2,"stat.craftItem.minecraft.planks":228,"stat.killEntity.Chicken":1,"stat.mobKills":35,"stat.mineBlock.minecraft.log":141,"stat.craftItem.minecraft.cooked_chicken":12,"stat.mineBlock.minecraft.leaves":50,"stat.pickup.minecraft.torch":10,"stat.mineBlock.srparasites.parasitecanister":1,"stat.pickup.minecraft.red_flower":2,"stat.sneakTime":686,"stat.drop.minecraft.bucket":2,"stat.useItem.minecraft.wooden_axe":96,"stat.mineBlock.minecraft.stone":105}