{"stat.chestOpened":1,"stat.walkOneCm":83281,"stat.useItem.minecraft.bread":7,"stat.pickup.minecraft.bone":1,"stat.leaveGame":2,"stat.pickup.minecraft.arrow":1,"stat.pickup.minecraft.crafting_table":1,"stat.mineBlock.minecraft.cobblestone":20,"stat.craftItem.minecraft.crafting_table":1,"stat.killEntity.ZombieVillager":2,"stat.pickup.tombstone.familiar_stone":1,"stat.mineBlock.srparasites.gore":9,"stat.pickup.srparasites.lurecomponent1":1,"stat.talkedToVillager":1,"stat.pickup.minecraft.log":13,"stat.useItem.minecraft.rotten_flesh":2,"stat.useItem.minecraft.mutton":4,"stat.jump":407,"stat.swimOneCm":998,"stat.fallOneCm":6297,"stat.climbOneCm":1757,"stat.useItem.tombstone.gift":1,"stat.pickup.minecraft.furnace":1,"stat.pickup.tombstone.crafting_ingredient":2,"stat.pickup.minecraft.carrot":25,"stat.pickup.minecraft.porkchop":4,"stat.crouchOneCm":77,"stat.pickup.minecraft.dirt":1,"stat.sprintOneCm":57280,"stat.useItem.minecraft.stone_slab2":4,"stat.craftItem.minecraft.stick":8,"stat.drop.minecraft.iron_sword":1,"stat.pickup.tombstone.magic_scroll":1,"stat.craftItem.minecraft.wooden_axe":1,"stat.craftingTableInteraction":4,"stat.pickup.minecraft.rotten_flesh":6,"stat.killEntity.Skeleton":1,"stat.craftItem.spartanshields.shield_tower_wood":1,"stat.killEntity.Horse":1,"stat.useItem.minecraft.iron_sword":126,"stat.craftItem.minecraft.planks":8,"stat.pickup.minecraft.stone_stairs":2,"stat.mineBlock.minecraft.stone_stairs":2,"stat.damageTaken":2297,"stat.mineBlock.minecraft.crafting_table":1,"stat.mineBlock.minecraft.torch":2,"stat.useItem.minecraft.carrot":7,"stat.useItem.minecraft.wooden_pickaxe":22,"stat.mobKills":32,"stat.pickup.minecraft.cobblestone":20,"stat.pickup.srparasites.assimilated_flesh":3,"stat.mineBlock.minecraft.log":15,"stat.pickup.minecraft.planks":14,"stat.mineBlock.minecraft.oak_stairs":1,"stat.flyOneCm":56815,"stat.mineBlock.minecraft.planks":10,"stat.deaths":5,"tombstone:undead_killed":11,"stat.drop":2,"stat.pickup.minecraft.wheat_seeds":9,"stat.pickup.minecraft.potato":14,"stat.playOneMinute":29019,"stat.pickup.minecraft.oak_stairs":1,"tombstone:villager_killed":3,"stat.pickup.minecraft.torch":2,"stat.killEntity.Sheep":2,"stat.sneakTime":76,"stat.pickup.minecraft.wool":2,"stat.pickup.quark.tallow":4,"stat.killEntity.Villager":3,"stat.damageDealt":4159,"stat.killEntity.Zombie":8,"stat.timeSinceDeath":2053,"stat.drop.minecraft.bread":1,"stat.useItem.minecraft.wooden_axe":13,"stat.killEntity.Pig":2,"stat.craftItem.minecraft.wooden_pickaxe":1,"stat.mineBlock.minecraft.tallgrass":9,"stat.pickup.minecraft.mutton":4,"stat.craftItem.minecraft.iron_sword":1,"stat.pickup.minecraft.wheat":4}