{"stat.drop.minecraft.stone_pickaxe":3,"stat.drop.minecraft.waterlily":3,"stat.pickup.minecraft.bone":2,"stat.leaveGame":16,"stat.mineBlock.minecraft.cobblestone":4,"stat.pickup.minecraft.stone_pickaxe":3,"stat.pickup.minecraft.flint":1,"stat.craftItem.spartanweaponry.throwing_knife_stone":1,"stat.mineBlock.srparasites.gore":7,"stat.pickup.srparasites.parasitecanister":3,"stat.swimOneCm":9685,"stat.useItem.minecraft.planks":27,"stat.climbOneCm":153,"stat.pickup.minecraft.porkchop":27,"stat.useItem.minecraft.dirt":22,"stat.useItem.minecraft.stone_slab2":28,"stat.pickup.srparasites.ada_longarms_drop":2,"stat.useItem.minecraft.water_bucket":1,"stat.pickup.minecraft.rotten_flesh":5,"stat.pickup.minecraft.sand":3,"stat.craftItem.minecraft.furnace":2,"stat.entityKilledBy.Spider":1,"stat.useItem.minecraft.egg":3,"stat.useItem.spartanweaponry.throwing_knife_stone":19,"stat.craftItem.minecraft.stone_axe":2,"stat.craftItem.spartanshields.shield_tower_stone":5,"stat.pickup.minecraft.bucket":1,"stat.craftItem.spartanweaponry.boomerang_stone":2,"stat.craftItem.minecraft.stone_pickaxe":7,"stat.craftItem.minecraft.cooked_beef":13,"stat.pickup.minecraft.cobblestone":237,"stat.useItem.spartanweaponry.boomerang_stone":19,"stat.craftItem.minecraft.stone_sword":1,"stat.flyOneCm":284459,"stat.mineBlock.minecraft.sand":1,"stat.drop.minecraft.wheat_seeds":1,"stat.useItem.minecraft.cooked_beef":2,"stat.pickup.quark.tallow":23,"stat.mineBlock.minecraft.iron_ore":6,"stat.timeSinceDeath":107722,"stat.craftItem.minecraft.wooden_pickaxe":1,"stat.pickup.minecraft.mutton":9,"stat.pickup.spartanshields.shield_tower_wood":2,"stat.pickup.minecraft.wooden_axe":2,"stat.furnaceInteraction":41,"stat.useItem.minecraft.cooked_porkchop":2,"stat.craftItem.spartanweaponry.material":1,"stat.mineBlock.minecraft.coal_ore":31,"stat.pickup.srparasites.lurecomponent3":1,"stat.pickup.srparasites.lurecomponent1":15,"stat.killEntity.Creeper":1,"stat.pickup.srparasites.lurecomponent4":1,"stat.pickup.minecraft.string":1,"stat.pickup.spartanshields.shield_tower_stone":2,"stat.pickup.minecraft.beef":33,"stat.pickup.minecraft.furnace":2,"stat.useItem.minecraft.cooked_mutton":3,"stat.entityKilledBy.Skeleton":1,"stat.sprintOneCm":348437,"stat.craftItem.minecraft.stick":60,"stat.craftItem.minecraft.wooden_axe":4,"stat.craftItem.spartanweaponry.club_studded":2,"stat.mineBlock.minecraft.crafting_table":11,"stat.useItem.minecraft.beef":7,"stat.deaths":25,"stat.drop":17,"stat.pickup.minecraft.egg":3,"stat.playOneMinute":198643,"stat.killEntity.Sheep":5,"stat.craftItem.minecraft.iron_pickaxe":2,"stat.killEntity.Zombie":1,"stat.mineBlock.minecraft.tallgrass":48,"stat.craftItem.minecraft.cooked_mutton":7,"stat.diveOneCm":4373,"stat.pickup.minecraft.cooked_mutton":4,"stat.chestOpened":10,"stat.drop.minecraft.wooden_pickaxe":1,"stat.pickup.minecraft.gravel":1,"stat.pickup.minecraft.arrow":3,"stat.pickup.minecraft.waterlily":3,"stat.craftItem.minecraft.cooked_porkchop":6,"stat.pickup.minecraft.stone_axe":3,"stat.useItem.minecraft.porkchop":4,"stat.useItem.minecraft.rotten_flesh":2,"stat.drop.minecraft.iron_pickaxe":1,"stat.jump":2081,"stat.pickup.minecraft.coal":168,"stat.fallOneCm":31291,"stat.useItem.minecraft.stone_axe":174,"stat.crouchOneCm":2072,"stat.craftItem.minecraft.torch":60,"stat.craftItem.minecraft.chest":1,"stat.craftItem.minecraft.iron_ingot":58,"stat.pickup.minecraft.dirt":93,"stat.useItem.minecraft.cooked_chicken":6,"stat.craftingTableInteraction":46,"stat.pickup.minecraft.iron_ore":65,"stat.boatOneCm":48467,"stat.drop.quark.tallow":3,"stat.pickup.minecraft.wooden_pickaxe":1,"stat.pickup.minecraft.feather":5,"stat.damageTaken":5860,"stat.pickup.minecraft.leather":5,"stat.mineBlock.minecraft.furnace":2,"stat.mineBlock.minecraft.torch":2,"stat.mineBlock.minecraft.red_flower":1,"stat.useItem.minecraft.wooden_pickaxe":6,"stat.pickup.srparasites.assimilated_flesh":7,"stat.pickup.minecraft.planks":83,"stat.pickup.minecraft.wheat_seeds":7,"stat.pickup.srparasites.canisteractive":2,"stat.mineBlock.minecraft.gravel":1,"stat.useItem.minecraft.stone_pickaxe":218,"stat.damageDealt":5727,"stat.craftItem.spartanweaponry.club_wood":2,"stat.killEntity.Cow":8,"stat.mineBlock.minecraft.dirt":83,"stat.useItem.minecraft.crafting_table":2,"stat.killEntity.Pig":5,"stat.pickup.minecraft.boat":2,"stat.walkOneCm":393744,"stat.useItem.minecraft.torch":16,"stat.pickup.minecraft.stick":15,"stat.pickup.minecraft.crafting_table":13,"stat.useItem.minecraft.cobblestone":41,"stat.craftItem.minecraft.crafting_table":4,"stat.craftItem.minecraft.leather_boots":1,"stat.mineBlock.minecraft.double_plant":3,"stat.drop.srparasites.parasitecanister":1,"stat.useItem.minecraft.lava_bucket":1,"stat.useItem.spartanweaponry.club_studded":15,"stat.craftItem.minecraft.boat":1,"stat.pickup.minecraft.log":140,"stat.pickup.minecraft.iron_pickaxe":1,"stat.pickup.minecraft.stone":1,"stat.pickup.minecraft.chicken":21,"stat.pickup.minecraft.sapling":17,"stat.drop.srparasites.assimilated_flesh":1,"stat.pickup.minecraft.cooked_beef":1,"stat.pickup.minecraft.apple":1,"stat.craftItem.spartanshields.shield_tower_wood":6,"stat.craftItem.minecraft.bucket":2,"stat.craftItem.minecraft.planks":272,"stat.killEntity.Chicken":3,"stat.drop.minecraft.crafting_table":1,"stat.pickup.quark.frog_leg":2,"stat.pickup.minecraft.stone_sword":1,"stat.mobKills":51,"stat.killEntity.quark:frog":2,"stat.mineBlock.minecraft.log":141,"stat.craftItem.minecraft.cooked_chicken":12,"stat.useItem.minecraft.boat":3,"stat.mineBlock.minecraft.leaves":50,"stat.pickup.minecraft.torch":10,"stat.mineBlock.srparasites.parasitecanister":1,"stat.pickup.minecraft.red_flower":3,"stat.sneakTime":691,"stat.drop.minecraft.bucket":2,"stat.useItem.minecraft.wooden_axe":96,"stat.mineBlock.minecraft.stone":179}