{"stat.chestOpened":1,"stat.walkOneCm":45281,"stat.useItem.minecraft.bread":5,"stat.pickup.minecraft.bone":1,"stat.leaveGame":2,"stat.pickup.minecraft.arrow":1,"stat.killEntity.ZombieVillager":2,"stat.pickup.tombstone.familiar_stone":1,"stat.talkedToVillager":1,"stat.jump":199,"stat.fallOneCm":1521,"stat.climbOneCm":1607,"stat.useItem.tombstone.gift":1,"stat.pickup.tombstone.crafting_ingredient":2,"stat.crouchOneCm":77,"stat.pickup.minecraft.dirt":1,"stat.sprintOneCm":26576,"stat.useItem.minecraft.stone_slab2":3,"stat.craftItem.minecraft.stick":4,"stat.drop.minecraft.iron_sword":1,"stat.pickup.tombstone.magic_scroll":1,"stat.craftingTableInteraction":3,"stat.pickup.minecraft.rotten_flesh":5,"stat.killEntity.Skeleton":1,"stat.craftItem.spartanshields.shield_tower_wood":1,"stat.killEntity.Horse":1,"stat.useItem.minecraft.iron_sword":44,"stat.damageTaken":699,"stat.mineBlock.minecraft.torch":1,"stat.mobKills":13,"stat.mineBlock.minecraft.log":2,"stat.pickup.minecraft.planks":9,"stat.mineBlock.minecraft.oak_stairs":1,"stat.flyOneCm":23120,"stat.mineBlock.minecraft.planks":10,"stat.deaths":1,"tombstone:undead_killed":10,"stat.drop":1,"stat.pickup.minecraft.wheat_seeds":2,"stat.playOneMinute":16419,"stat.pickup.minecraft.oak_stairs":1,"stat.pickup.minecraft.torch":1,"stat.killEntity.Sheep":2,"stat.sneakTime":76,"stat.pickup.minecraft.wool":2,"stat.damageDealt":1925,"stat.killEntity.Zombie":7,"stat.timeSinceDeath":1484,"stat.mineBlock.minecraft.tallgrass":3,"stat.pickup.minecraft.mutton":4,"stat.craftItem.minecraft.iron_sword":1,"stat.pickup.minecraft.wheat":1}