{"stat.walkOneCm":7946,"stat.leaveGame":2,"stat.pickup.minecraft.crafting_table":1,"stat.craftItem.minecraft.crafting_table":1,"stat.pickup.minecraft.log":4,"stat.jump":33,"stat.fallOneCm":418,"stat.pickup.minecraft.porkchop":4,"stat.pickup.minecraft.dirt":3,"stat.useItem.minecraft.dirt":1,"stat.sprintOneCm":10611,"stat.useItem.minecraft.stone_slab2":1,"stat.craftItem.minecraft.stick":4,"stat.craftItem.minecraft.wooden_axe":1,"stat.craftingTableInteraction":1,"stat.craftItem.minecraft.planks":16,"stat.mineBlock.minecraft.crafting_table":1,"stat.mobKills":2,"stat.mineBlock.minecraft.log":4,"stat.flyOneCm":6577,"stat.playOneMinute":8563,"stat.sneakTime":6,"stat.pickup.quark.tallow":3,"stat.damageDealt":210,"stat.timeSinceDeath":8563,"stat.useItem.minecraft.wooden_axe":5,"stat.mineBlock.minecraft.dirt":3,"stat.killEntity.Pig":2}