{"stat.drop.minecraft.stone_pickaxe":3,"stat.pickup.minecraft.bone":7,"stat.useItem.minecraft.iron_axe":18,"stat.leaveGame":3,"stat.mineBlock.minecraft.cobblestone":34,"stat.pickup.minecraft.stone_pickaxe":1,"stat.craftItem.tombstone.grave_key":2,"stat.craftItem.minecraft.iron_axe":3,"stat.pickup.quark.limestone":28,"stat.pickup.tombstone.familiar_stone":3,"stat.mineBlock.srparasites.gore":11,"stat.craftItem.minecraft.wool":3,"stat.useItem.minecraft.mutton":4,"stat.useItem.spartanweaponry.greatsword_iron":50,"stat.swimOneCm":9272,"stat.mineBlock.quark.glowcelium":1,"stat.climbOneCm":1859,"stat.useItem.minecraft.planks":3,"stat.drop.minecraft.cobblestone":2,"stat.pickup.minecraft.cooked_porkchop":5,"stat.pickup.minecraft.porkchop":19,"stat.useItem.minecraft.stone_slab2":44,"stat.pickup.minecraft.iron_boots":1,"stat.drop.minecraft.iron_sword":1,"stat.pickup.minecraft.rotten_flesh":14,"stat.craftItem.minecraft.furnace":4,"stat.drop.spartanweaponry.boomerang_stone":1,"stat.useItem.minecraft.egg":5,"stat.craftItem.minecraft.stone_axe":2,"stat.craftItem.minecraft.iron_boots":2,"stat.craftItem.spartanshields.shield_tower_stone":2,"stat.craftItem.spartanweaponry.boomerang_stone":2,"stat.craftItem.minecraft.stone_pickaxe":7,"stat.craftItem.minecraft.cooked_beef":9,"stat.pickup.minecraft.cobblestone":614,"stat.craftItem.minecraft.bow":2,"stat.useItem.spartanweaponry.boomerang_stone":26,"stat.flyOneCm":130806,"stat.drop.minecraft.iron_helmet":1,"tombstone:villager_killed":3,"stat.useItem.minecraft.cooked_beef":5,"stat.pickup.quark.tallow":13,"stat.killEntity.Villager":3,"stat.mineBlock.minecraft.iron_ore":36,"stat.timeSinceDeath":53348,"stat.useItem.minecraft.iron_pickaxe":141,"stat.craftItem.minecraft.wooden_pickaxe":1,"stat.pickup.minecraft.mutton":6,"stat.killEntity.Bat":1,"stat.craftItem.minecraft.golden_carrot":14,"stat.pickup.minecraft.stonebrick":44,"stat.furnaceInteraction":82,"stat.useItem.minecraft.golden_carrot":6,"stat.useItem.minecraft.cooked_porkchop":3,"stat.craftItem.spartanweaponry.material":3,"stat.killEntity.ZombieVillager":2,"stat.pickup.srparasites.lurecomponent2":1,"stat.mineBlock.minecraft.coal_ore":15,"stat.pickup.srparasites.lurecomponent1":7,"stat.killEntity.Creeper":1,"stat.talkedToVillager":1,"stat.pickup.minecraft.string":5,"stat.pickup.spartanshields.shield_tower_stone":1,"stat.pickup.minecraft.beef":6,"stat.pickup.minecraft.furnace":8,"stat.pickup.tombstone.crafting_ingredient":10,"stat.sprintOneCm":178921,"stat.craftItem.minecraft.stick":72,"stat.pickup.tombstone.magic_scroll":3,"stat.craftItem.minecraft.wooden_axe":1,"stat.killEntity.Horse":1,"stat.pickup.minecraft.stone_stairs":2,"stat.craftItem.minecraft.gold_nugget":117,"stat.mineBlock.minecraft.crafting_table":18,"tombstone:use_vanishing":1,"stat.useItem.minecraft.carrot":7,"stat.useItem.spartanweaponry.halberd_iron":13,"stat.mineBlock.minecraft.oak_stairs":1,"stat.mineBlock.minecraft.planks":12,"stat.deaths":7,"stat.drop":25,"stat.craftItem.spartanweaponry.longsword_iron":1,"stat.pickup.minecraft.egg":5,"stat.playOneMinute":194346,"stat.killEntity.Sheep":2,"stat.craftItem.minecraft.iron_pickaxe":6,"stat.craftItem.spartanweaponry.greatsword_iron":1,"stat.killEntity.Zombie":17,"stat.craftItem.minecraft.dye":21,"stat.drop.minecraft.bread":1,"stat.drop.minecraft.torch":2,"stat.mineBlock.minecraft.gold_ore":21,"stat.mineBlock.minecraft.tallgrass":11,"stat.craftItem.minecraft.cooked_mutton":2,"stat.diveOneCm":26022,"stat.pickup.minecraft.wheat":4,"stat.chestOpened":3,"stat.pickup.minecraft.arrow":5,"stat.pickup.minecraft.iron_sword":1,"stat.craftItem.minecraft.cooked_porkchop":17,"stat.pickup.minecraft.stone_axe":1,"stat.useItem.minecraft.rotten_flesh":2,"stat.drop.minecraft.iron_pickaxe":2,"stat.drop.minecraft.cooked_porkchop":7,"stat.craftItem.minecraft.iron_hoe":1,"stat.jump":1795,"stat.pickup.minecraft.coal":306,"stat.fallOneCm":16857,"stat.pickup.minecraft.iron_ingot":4,"stat.pickup.minecraft.carrot":59,"stat.useItem.minecraft.stone_axe":12,"stat.craftItem.minecraft.bread":1,"stat.pickup.minecraft.gunpowder":2,"stat.crouchOneCm":1995,"stat.pickup.minecraft.spider_eye":1,"stat.craftItem.minecraft.iron_ingot":99,"stat.craftItem.minecraft.torch":44,"stat.pickup.minecraft.dirt":27,"stat.craftItem.minecraft.iron_helmet":2,"stat.craftingTableInteraction":93,"stat.pickup.minecraft.iron_ore":117,"stat.pickup.minecraft.gold_ore":27,"stat.mineBlock.minecraft.stone_stairs":2,"stat.mineBlock.quark.limestone":2,"stat.damageTaken":4003,"stat.pickup.minecraft.feather":5,"stat.pickup.minecraft.leather":4,"stat.mineBlock.minecraft.torch":11,"stat.mineBlock.minecraft.furnace":6,"stat.useItem.minecraft.wooden_pickaxe":25,"stat.useItem.minecraft.furnace":1,"stat.pickup.srparasites.assimilated_flesh":13,"stat.pickup.minecraft.dye":3,"stat.pickup.minecraft.planks":52,"tombstone:undead_killed":25,"stat.useItem.tombstone.grave_key":19,"stat.pickup.minecraft.wheat_seeds":15,"stat.pickup.minecraft.potato":28,"stat.pickup.minecraft.oak_stairs":1,"stat.useItem.minecraft.stone_pickaxe":319,"stat.craftItem.minecraft.iron_leggings":1,"stat.damageDealt":9781,"stat.craftItem.minecraft.baked_potato":21,"stat.killEntity.Cow":3,"stat.mineBlock.minecraft.dirt":6,"stat.useItem.minecraft.crafting_table":1,"stat.killEntity.VindicationIllager":3,"stat.killEntity.Pig":8,"stat.craftItem.minecraft.iron_sword":1,"stat.drop.minecraft.iron_axe":1,"stat.walkOneCm":454806,"stat.useItem.minecraft.bread":7,"stat.useItem.minecraft.torch":47,"stat.pickup.spartanweaponry.boomerang_stone":3,"stat.pickup.minecraft.stick":4,"stat.pickup.minecraft.crafting_table":22,"stat.pickup.minecraft.clay_ball":24,"stat.useItem.minecraft.cobblestone":105,"stat.craftItem.minecraft.crafting_table":1,"stat.useItem.minecraft.lava_bucket":11,"stat.pickup.minecraft.log":60,"stat.drop.minecraft.chicken":2,"stat.craftItem.tombstone.dust_of_vanishing":1,"stat.pickup.minecraft.iron_pickaxe":2,"stat.pickup.quark.root_flower":1,"stat.useItem.tombstone.gift":2,"stat.craftItem.minecraft.gold_ingot":13,"stat.pickup.minecraft.stone":26,"stat.craftItem.minecraft.iron_chestplate":2,"stat.pickup.minecraft.baked_potato":8,"stat.pickup.minecraft.chicken":3,"stat.pickup.minecraft.cooked_beef":6,"stat.killEntity.Skeleton":6,"stat.craftItem.spartanshields.shield_tower_wood":5,"stat.craftItem.minecraft.bucket":2,"stat.mineBlock.minecraft.stonebrick":44,"stat.useItem.minecraft.iron_sword":145,"stat.craftItem.minecraft.planks":56,"stat.killEntity.Chicken":2,"stat.drop.minecraft.crafting_table":1,"stat.killEntity.Spider":2,"stat.pickup.minecraft.bread":1,"stat.mobKills":73,"stat.useItem.minecraft.stonebrick":1,"stat.mineBlock.minecraft.log":15,"stat.craftItem.spartanweaponry.halberd_iron":1,"stat.pickup.minecraft.torch":38,"stat.sneakTime":917,"stat.pickup.minecraft.wool":5,"stat.pickup.minecraft.lava_bucket":1,"stat.drop.minecraft.stone_axe":1,"stat.useItem.minecraft.baked_potato":11,"stat.useItem.minecraft.wooden_axe":13,"stat.mineBlock.minecraft.stone":318,"stat.craftItem.spartanshields.shield_tower_iron":2}