{"stat.leaveGame":9,"stat.pickup.minecraft.arrow":2,"stat.mineBlock.srparasites.gore":3,"stat.useItem.minecraft.porkchop":4,"stat.useItem.minecraft.rotten_flesh":1,"stat.jump":795,"stat.fallOneCm":13323,"stat.useItem.minecraft.planks":23,"stat.pickup.minecraft.porkchop":6,"stat.crouchOneCm":2072,"stat.pickup.minecraft.dirt":33,"stat.useItem.minecraft.dirt":11,"stat.useItem.minecraft.stone_slab2":9,"stat.craftingTableInteraction":4,"stat.pickup.minecraft.rotten_flesh":1,"stat.pickup.minecraft.sand":3,"stat.pickup.minecraft.feather":3,"stat.damageTaken":1839,"stat.pickup.minecraft.leather":1,"stat.pickup.srparasites.assimilated_flesh":5,"stat.pickup.minecraft.planks":5,"stat.flyOneCm":167301,"stat.pickup.minecraft.wheat_seeds":3,"stat.mineBlock.minecraft.sand":1,"stat.drop.minecraft.wheat_seeds":1,"stat.pickup.quark.tallow":5,"stat.damageDealt":2533,"stat.timeSinceDeath":5013,"stat.killEntity.Cow":3,"stat.mineBlock.minecraft.dirt":24,"stat.killEntity.Pig":3,"stat.walkOneCm":118035,"stat.pickup.minecraft.stick":4,"stat.pickup.spartanshields.shield_tower_wood":2,"stat.pickup.minecraft.wooden_axe":2,"stat.pickup.minecraft.crafting_table":5,"stat.craftItem.minecraft.crafting_table":2,"stat.mineBlock.minecraft.double_plant":2,"stat.pickup.srparasites.lurecomponent1":4,"stat.pickup.minecraft.log":17,"stat.pickup.minecraft.beef":6,"stat.pickup.minecraft.chicken":1,"stat.pickup.minecraft.sapling":1,"stat.sprintOneCm":143819,"stat.drop.srparasites.assimilated_flesh":1,"stat.craftItem.minecraft.stick":12,"stat.craftItem.minecraft.wooden_axe":3,"stat.craftItem.spartanshields.shield_tower_wood":1,"stat.craftItem.minecraft.planks":68,"stat.killEntity.Chicken":1,"stat.mineBlock.minecraft.crafting_table":4,"stat.mobKills":20,"stat.mineBlock.minecraft.log":17,"stat.useItem.minecraft.beef":4,"stat.deaths":8,"stat.drop":2,"stat.mineBlock.minecraft.leaves":9,"stat.playOneMinute":57950,"stat.pickup.minecraft.red_flower":2,"stat.sneakTime":649,"stat.killEntity.Zombie":1,"stat.useItem.minecraft.wooden_axe":64,"stat.mineBlock.minecraft.tallgrass":37}