{"stat.pickup.minecraft.bone":2,"stat.leaveGame":9,"stat.pickup.minecraft.arrow":4,"stat.craftItem.minecraft.cooked_porkchop":2,"stat.pickup.minecraft.stone_pickaxe":1,"stat.jump":620,"stat.swimOneCm":962,"stat.pickup.minecraft.coal":46,"stat.fallOneCm":6521,"stat.useItem.minecraft.planks":1,"stat.useItem.minecraft.stone_axe":26,"stat.pickup.minecraft.porkchop":2,"stat.crouchOneCm":30,"stat.craftItem.minecraft.torch":4,"stat.pickup.minecraft.dirt":65,"stat.useItem.minecraft.dirt":23,"stat.useItem.minecraft.stone_slab2":4,"stat.craftingTableInteraction":11,"stat.pickup.minecraft.rotten_flesh":2,"stat.craftItem.minecraft.furnace":1,"stat.craftItem.minecraft.stone_axe":2,"stat.damageTaken":3837,"stat.pickup.minecraft.leather":2,"stat.pickup.minecraft.feather":4,"stat.craftItem.minecraft.stone_pickaxe":2,"stat.useItem.minecraft.wooden_pickaxe":46,"stat.pickup.minecraft.cobblestone":82,"stat.pickup.srparasites.assimilated_flesh":5,"stat.pickup.minecraft.planks":50,"stat.flyOneCm":110546,"stat.pickup.minecraft.glass_bottle":4,"stat.pickup.minecraft.wheat_seeds":3,"stat.useItem.minecraft.stone_pickaxe":62,"stat.pickup.quark.tallow":11,"stat.damageDealt":1081,"stat.pickup.minecraft.redstone":2,"stat.timeSinceDeath":0,"stat.mineBlock.minecraft.dirt":64,"stat.craftItem.minecraft.wooden_pickaxe":1,"stat.killEntity.Pig":1,"stat.craftItem.minecraft.birch_door":3,"stat.walkOneCm":137897,"stat.useItem.minecraft.torch":2,"stat.pickup.minecraft.stick":14,"stat.pickup.spartanshields.shield_tower_wood":1,"stat.pickup.minecraft.wooden_axe":6,"stat.pickup.minecraft.crafting_table":2,"stat.craftItem.minecraft.crafting_table":2,"stat.furnaceInteraction":4,"stat.drop.minecraft.dirt":1,"stat.mineBlock.minecraft.double_plant":1,"stat.useItem.minecraft.cooked_porkchop":2,"stat.pickup.srparasites.lurecomponent3":6,"stat.mineBlock.minecraft.coal_ore":36,"stat.pickup.srparasites.lurecomponent1":5,"stat.pickup.minecraft.log":20,"stat.pickup.spartanshields.shield_tower_stone":2,"stat.pickup.minecraft.chicken":2,"stat.pickup.minecraft.sapling":4,"stat.sprintOneCm":92110,"stat.craftItem.minecraft.stick":24,"stat.craftItem.minecraft.wooden_axe":2,"stat.useItem.minecraft.birch_door":3,"stat.craftItem.minecraft.planks":72,"stat.mineBlock.minecraft.crafting_table":1,"stat.mobKills":8,"stat.mineBlock.minecraft.log":19,"stat.deaths":20,"stat.drop.minecraft.birch_door":1,"stat.drop":2,"stat.mineBlock.minecraft.leaves":15,"stat.playOneMinute":54154,"stat.pickup.minecraft.birch_door":2,"stat.sneakTime":36,"stat.killEntity.Zombie":1,"stat.useItem.minecraft.wooden_axe":15,"stat.pickup.minecraft.yellow_flower":1,"stat.mineBlock.minecraft.stone":65,"stat.mineBlock.minecraft.tallgrass":7}