{"stat.pickup.minecraft.bone":2,"stat.leaveGame":5,"stat.pickup.minecraft.arrow":4,"stat.craftItem.minecraft.cooked_porkchop":2,"stat.jump":518,"stat.pickup.minecraft.coal":33,"stat.fallOneCm":5794,"stat.useItem.minecraft.planks":1,"stat.useItem.minecraft.stone_axe":3,"stat.pickup.minecraft.porkchop":2,"stat.crouchOneCm":30,"stat.craftItem.minecraft.torch":4,"stat.pickup.minecraft.dirt":62,"stat.useItem.minecraft.dirt":22,"stat.useItem.minecraft.stone_slab2":4,"stat.craftingTableInteraction":9,"stat.pickup.minecraft.rotten_flesh":1,"stat.craftItem.minecraft.furnace":1,"stat.craftItem.minecraft.stone_axe":1,"stat.damageTaken":2434,"stat.pickup.minecraft.leather":2,"stat.pickup.minecraft.feather":4,"stat.craftItem.minecraft.stone_pickaxe":1,"stat.useItem.minecraft.wooden_pickaxe":46,"stat.pickup.minecraft.cobblestone":31,"stat.pickup.srparasites.assimilated_flesh":5,"stat.pickup.minecraft.planks":24,"stat.flyOneCm":101210,"stat.pickup.minecraft.glass_bottle":4,"stat.pickup.minecraft.wheat_seeds":3,"stat.useItem.minecraft.stone_pickaxe":26,"stat.pickup.quark.tallow":11,"stat.damageDealt":444,"stat.pickup.minecraft.redstone":2,"stat.timeSinceDeath":15152,"stat.mineBlock.minecraft.dirt":61,"stat.craftItem.minecraft.wooden_pickaxe":1,"stat.killEntity.Pig":1,"stat.craftItem.minecraft.birch_door":3,"stat.walkOneCm":96666,"stat.useItem.minecraft.torch":2,"stat.pickup.minecraft.stick":14,"stat.pickup.spartanshields.shield_tower_wood":1,"stat.pickup.minecraft.wooden_axe":6,"stat.pickup.minecraft.crafting_table":2,"stat.craftItem.minecraft.crafting_table":2,"stat.furnaceInteraction":2,"stat.drop.minecraft.dirt":1,"stat.mineBlock.minecraft.double_plant":1,"stat.useItem.minecraft.cooked_porkchop":2,"stat.pickup.srparasites.lurecomponent3":6,"stat.mineBlock.minecraft.coal_ore":34,"stat.pickup.srparasites.lurecomponent1":2,"stat.pickup.minecraft.log":20,"stat.pickup.minecraft.chicken":2,"stat.sprintOneCm":78406,"stat.craftItem.minecraft.stick":20,"stat.craftItem.minecraft.wooden_axe":2,"stat.useItem.minecraft.birch_door":3,"stat.craftItem.minecraft.planks":72,"stat.mineBlock.minecraft.crafting_table":1,"stat.mobKills":3,"stat.mineBlock.minecraft.log":19,"stat.deaths":13,"stat.drop.minecraft.birch_door":1,"stat.drop":2,"stat.mineBlock.minecraft.leaves":6,"stat.playOneMinute":38882,"stat.pickup.minecraft.birch_door":2,"stat.sneakTime":17,"stat.killEntity.Zombie":1,"stat.useItem.minecraft.wooden_axe":15,"stat.pickup.minecraft.yellow_flower":1,"stat.mineBlock.minecraft.stone":31,"stat.mineBlock.minecraft.tallgrass":6}