{"stat.pickup.minecraft.log":5,"stat.flyOneCm":16535,"stat.deaths":1,"stat.walkOneCm":15560,"stat.jump":93,"stat.swimOneCm":578,"stat.mineBlock.minecraft.leaves":3,"stat.playerKills":1,"stat.playOneMinute":6707,"stat.fallOneCm":1583,"stat.craftItem.minecraft.planks":20,"stat.sneakTime":38,"stat.useItem.minecraft.stone_axe":3,"stat.damageTaken":276,"stat.damageDealt":196,"stat.pickup.minecraft.stone_axe":1,"stat.timeSinceDeath":3726,"stat.mineBlock.minecraft.double_plant":1,"stat.pickup.minecraft.dirt":1,"stat.sprintOneCm":22431,"stat.mineBlock.minecraft.dirt":1,"stat.mineBlock.minecraft.log":5,"stat.diveOneCm":60}