{"stat.walkOneCm":35840,"stat.craftItem.minecraft.planks":36,"stat.leaveGame":4,"stat.damageTaken":1186,"stat.craftItem.minecraft.crafting_table":1,"stat.drop.minecraft.dirt":1,"stat.mineBlock.minecraft.log":9,"stat.pickup.minecraft.log":9,"stat.flyOneCm":31217,"stat.deaths":6,"stat.drop":1,"stat.pickup.minecraft.wheat_seeds":1,"stat.jump":174,"stat.playOneMinute":14715,"stat.fallOneCm":1096,"stat.sneakTime":17,"stat.damageDealt":24,"stat.crouchOneCm":30,"stat.timeSinceDeath":1446,"stat.pickup.minecraft.dirt":39,"stat.useItem.minecraft.dirt":12,"stat.sprintOneCm":26053,"stat.mineBlock.minecraft.dirt":44}