{"stat.walkOneCm":150273,"stat.pickup.minecraft.gravel":19,"stat.pickup.minecraft.iron_sword":1,"stat.mineBlock.minecraft.vine":1,"stat.mineBlock.minecraft.cobblestone":8,"stat.useItem.minecraft.cobblestone":66,"stat.pickup.minecraft.stone_pickaxe":3,"stat.craftItem.minecraft.crafting_table":1,"stat.pickup.minecraft.flint":1,"stat.furnaceInteraction":1,"stat.pickup.tombstone.familiar_stone":1,"stat.mineBlock.srparasites.gore":4,"stat.mineBlock.minecraft.coal_ore":81,"stat.pickup.srparasites.lurecomponent1":3,"stat.talkedToVillager":1,"stat.pickup.minecraft.log":1,"stat.useItem.minecraft.rotten_flesh":2,"stat.pickup.spartanshields.shield_tower_stone":1,"stat.jump":459,"stat.swimOneCm":1347,"stat.pickup.minecraft.coal":81,"stat.fallOneCm":4023,"stat.pickup.minecraft.furnace":1,"stat.drop.minecraft.carrot":16,"stat.drop.minecraft.cobblestone":13,"stat.pickup.minecraft.carrot":46,"stat.drop.minecraft.planks":5,"stat.pickup.minecraft.stone":65,"stat.pickup.minecraft.baked_potato":7,"stat.pickup.minecraft.spider_eye":1,"stat.pickup.minecraft.dirt":15,"stat.useItem.minecraft.dirt":8,"stat.sprintOneCm":19752,"stat.useItem.minecraft.stone_slab2":12,"stat.pickup.minecraft.iron_boots":1,"stat.craftItem.minecraft.stick":8,"stat.pickup.tombstone.magic_scroll":1,"stat.craftingTableInteraction":4,"stat.drop.minecraft.furnace":1,"stat.pickup.minecraft.iron_ore":32,"stat.pickup.minecraft.rotten_flesh":3,"stat.craftItem.minecraft.planks":4,"stat.useItem.minecraft.iron_sword":109,"stat.mineBlock.minecraft.glass_pane":3,"stat.damageTaken":538,"stat.killEntity.Spider":1,"stat.pickup.minecraft.bread":1,"stat.mineBlock.minecraft.furnace":1,"stat.mineBlock.minecraft.torch":6,"stat.craftItem.minecraft.stone_pickaxe":1,"stat.useItem.minecraft.wooden_pickaxe":60,"stat.useItem.minecraft.carrot":14,"stat.mobKills":14,"stat.pickup.minecraft.cobblestone":336,"stat.pickup.srparasites.assimilated_flesh":1,"stat.mineBlock.minecraft.log":1,"stat.pickup.minecraft.planks":14,"stat.mineBlock.minecraft.oak_stairs":1,"stat.flyOneCm":8688,"stat.mineBlock.minecraft.planks":13,"tombstone:undead_killed":2,"stat.pickup.minecraft.wheat_seeds":7,"stat.drop":35,"stat.pickup.minecraft.potato":27,"stat.playOneMinute":47348,"stat.pickup.minecraft.oak_stairs":1,"stat.pickup.minecraft.torch":6,"stat.mineBlock.minecraft.gravel":21,"stat.useItem.minecraft.stone_pickaxe":504,"stat.pickup.minecraft.lava_bucket":1,"stat.damageDealt":1505,"stat.mineBlock.minecraft.iron_ore":33,"stat.useItem.minecraft.baked_potato":4,"stat.killEntity.Zombie":2,"stat.timeSinceDeath":47348,"stat.mineBlock.minecraft.dirt":15,"stat.craftItem.minecraft.wooden_pickaxe":1,"stat.mineBlock.minecraft.stone":414,"stat.mineBlock.minecraft.tallgrass":11,"stat.diveOneCm":2465,"stat.pickup.minecraft.wheat":2}