{"stat.walkOneCm":57207,"stat.useItem.minecraft.torch":2,"stat.pickup.minecraft.stick":5,"stat.leaveGame":3,"stat.pickup.minecraft.crafting_table":1,"stat.craftItem.minecraft.crafting_table":1,"stat.furnaceInteraction":2,"stat.mineBlock.minecraft.yellow_flower":2,"stat.mineBlock.srparasites.gore":1,"stat.pickup.minecraft.log":20,"stat.pickup.minecraft.string":1,"stat.pickup.spartanshields.shield_tower_stone":2,"stat.jump":358,"stat.swimOneCm":275,"stat.fallOneCm":4191,"stat.useItem.minecraft.planks":1,"stat.craftItem.minecraft.torch":16,"stat.pickup.minecraft.sapling":1,"stat.pickup.minecraft.dirt":39,"stat.useItem.minecraft.dirt":10,"stat.sprintOneCm":31213,"stat.useItem.minecraft.stone_slab2":3,"stat.craftItem.minecraft.stick":40,"stat.craftingTableInteraction":11,"stat.craftItem.minecraft.planks":48,"stat.craftItem.minecraft.stone_axe":2,"stat.damageTaken":1268,"stat.mineBlock.minecraft.crafting_table":1,"stat.craftItem.minecraft.stone_pickaxe":3,"stat.mineBlock.minecraft.torch":1,"stat.useItem.minecraft.wooden_pickaxe":99,"stat.pickup.minecraft.cobblestone":177,"stat.mineBlock.minecraft.log":20,"stat.pickup.minecraft.planks":2,"stat.craftItem.minecraft.stone_sword":2,"stat.flyOneCm":25127,"stat.deaths":6,"stat.mineBlock.minecraft.planks":1,"stat.pickup.minecraft.wheat_seeds":4,"stat.mineBlock.minecraft.leaves":2,"stat.playOneMinute":27676,"stat.pickup.minecraft.torch":1,"stat.useItem.minecraft.stone_pickaxe":40,"stat.damageDealt":131,"stat.timeSinceDeath":3881,"stat.pickup.minecraft.yellow_flower":2,"stat.mineBlock.minecraft.dirt":34,"stat.craftItem.minecraft.wooden_pickaxe":3,"stat.mineBlock.minecraft.stone":123,"stat.mineBlock.minecraft.tallgrass":12}