{"stat.pickup.spartanweaponry.longsword_iron":1,"stat.pickup.minecraft.gravel":24,"stat.pickup.minecraft.iron_sword":1,"stat.mineBlock.minecraft.cobblestone":9,"stat.pickup.minecraft.stone_pickaxe":4,"stat.pickup.minecraft.flint":1,"stat.pickup.quark.limestone":90,"stat.mineBlock.srparasites.gore":4,"stat.pickup.tombstone.familiar_stone":1,"stat.useItem.minecraft.rotten_flesh":2,"stat.jump":819,"stat.swimOneCm":7541,"stat.pickup.minecraft.coal":143,"stat.pickup.minecraft.iron_helmet":1,"stat.fallOneCm":6914,"stat.useItem.minecraft.planks":1,"stat.drop.minecraft.cobblestone":14,"stat.pickup.minecraft.carrot":46,"stat.crouchOneCm":901,"stat.pickup.minecraft.spider_eye":1,"stat.craftItem.minecraft.iron_ingot":12,"stat.pickup.minecraft.dirt":35,"stat.useItem.minecraft.dirt":8,"stat.useItem.minecraft.stone_slab2":19,"stat.pickup.minecraft.iron_boots":1,"stat.craftingTableInteraction":6,"stat.pickup.minecraft.iron_ore":82,"stat.pickup.minecraft.rotten_flesh":3,"stat.pickup.minecraft.iron_axe":1,"stat.mineBlock.minecraft.glass_pane":3,"stat.mineBlock.quark.limestone":90,"stat.damageTaken":690,"stat.mineBlock.minecraft.furnace":1,"stat.mineBlock.minecraft.torch":9,"stat.craftItem.minecraft.stone_pickaxe":1,"stat.useItem.minecraft.wooden_pickaxe":60,"stat.pickup.minecraft.cobblestone":666,"stat.pickup.srparasites.assimilated_flesh":1,"stat.pickup.minecraft.planks":14,"stat.flyOneCm":9319,"tombstone:undead_killed":4,"stat.pickup.minecraft.wheat_seeds":7,"stat.pickup.minecraft.potato":27,"stat.pickup.minecraft.oak_stairs":1,"stat.mineBlock.minecraft.gravel":21,"stat.useItem.minecraft.stone_pickaxe":626,"stat.craftItem.minecraft.iron_leggings":1,"stat.damageDealt":2245,"stat.mineBlock.minecraft.iron_ore":84,"stat.timeSinceDeath":83348,"stat.mineBlock.minecraft.dirt":35,"stat.useItem.minecraft.iron_pickaxe":481,"stat.craftItem.minecraft.wooden_pickaxe":1,"stat.walkOneCm":247209,"stat.pickup.spartanweaponry.boomerang_stone":1,"stat.mineBlock.minecraft.vine":1,"stat.pickup.minecraft.crafting_table":1,"stat.useItem.minecraft.cobblestone":127,"stat.craftItem.minecraft.crafting_table":1,"stat.furnaceInteraction":4,"stat.mineBlock.minecraft.coal_ore":143,"stat.pickup.srparasites.lurecomponent1":3,"stat.killEntity.Creeper":1,"stat.talkedToVillager":1,"stat.pickup.minecraft.log":1,"stat.pickup.spartanshields.shield_tower_stone":1,"stat.pickup.minecraft.iron_pickaxe":2,"stat.pickup.minecraft.furnace":1,"stat.drop.minecraft.carrot":16,"stat.drop.minecraft.planks":5,"stat.pickup.minecraft.stone":116,"stat.pickup.minecraft.baked_potato":15,"stat.sprintOneCm":22330,"stat.pickup.minecraft.iron_chestplate":1,"stat.craftItem.minecraft.stick":8,"stat.pickup.tombstone.magic_scroll":2,"stat.drop.minecraft.furnace":1,"stat.killEntity.Skeleton":2,"stat.craftItem.minecraft.planks":4,"stat.useItem.minecraft.iron_sword":124,"stat.killEntity.Spider":1,"stat.pickup.minecraft.bread":1,"stat.useItem.minecraft.carrot":14,"stat.mobKills":18,"stat.mineBlock.minecraft.log":1,"stat.mineBlock.minecraft.oak_stairs":1,"stat.mineBlock.minecraft.planks":13,"stat.drop":36,"stat.playOneMinute":83348,"stat.pickup.minecraft.torch":9,"stat.sneakTime":586,"stat.pickup.minecraft.lava_bucket":1,"stat.useItem.minecraft.baked_potato":5,"stat.killEntity.Zombie":2,"stat.mineBlock.minecraft.stone":802,"stat.mineBlock.minecraft.tallgrass":11,"stat.diveOneCm":3809,"stat.pickup.minecraft.wheat":2}