{"stat.pickup.minecraft.bone":3,"stat.leaveGame":12,"stat.mineBlock.minecraft.cobblestone":3,"stat.pickup.minecraft.stone_pickaxe":6,"stat.pickup.minecraft.flint":2,"stat.mineBlock.minecraft.yellow_flower":2,"stat.mineBlock.srparasites.gore":6,"stat.pickup.srparasites.parasitecanister":1,"stat.swimOneCm":5924,"stat.useItem.minecraft.planks":1,"stat.pickup.minecraft.cooked_porkchop":4,"stat.pickup.minecraft.porkchop":9,"stat.useItem.minecraft.dirt":15,"stat.useItem.minecraft.stone_slab2":18,"stat.pickup.minecraft.rotten_flesh":9,"stat.craftItem.minecraft.furnace":1,"stat.useItem.minecraft.egg":3,"stat.craftItem.minecraft.stone_axe":3,"stat.pickup.minecraft.bucket":1,"stat.craftItem.minecraft.stone_pickaxe":4,"stat.pickup.minecraft.cobblestone":691,"stat.craftItem.minecraft.stone_sword":4,"stat.flyOneCm":244476,"stat.pickup.minecraft.fish":2,"stat.useItem.minecraft.cooked_beef":1,"stat.pickup.quark.tallow":12,"stat.mineBlock.minecraft.iron_ore":22,"stat.timeSinceDeath":57821,"stat.craftItem.minecraft.wooden_pickaxe":4,"stat.furnaceInteraction":11,"stat.mineBlock.futuremc.cornflower":1,"stat.mineBlock.minecraft.coal_ore":127,"stat.pickup.srparasites.lurecomponent1":10,"stat.pickup.minecraft.string":4,"stat.pickup.spartanshields.shield_tower_stone":3,"stat.pickup.minecraft.beef":19,"stat.pickup.minecraft.furnace":2,"stat.sprintOneCm":201885,"stat.craftItem.minecraft.stick":52,"stat.mineBlock.minecraft.crafting_table":3,"stat.deaths":39,"stat.mineBlock.minecraft.planks":1,"stat.drop":1,"stat.pickup.minecraft.egg":10,"stat.playOneMinute":112787,"stat.pickup.minecraft.birch_door":1,"stat.killEntity.Zombie":1,"stat.mineBlock.minecraft.tallgrass":70,"stat.diveOneCm":7721,"stat.chestOpened":3,"stat.useItem.minecraft.stone":3,"stat.pickup.minecraft.gravel":10,"stat.pickup.minecraft.arrow":6,"stat.pickup.minecraft.stone_axe":3,"stat.jump":1813,"stat.pickup.minecraft.cooked_chicken":3,"stat.pickup.minecraft.coal":188,"stat.fallOneCm":26734,"stat.pickup.minecraft.iron_ingot":11,"stat.drop.minecraft.stone_sword":1,"stat.craftItem.minecraft.torch":40,"stat.pickup.minecraft.dirt":66,"stat.useItem.minecraft.cooked_chicken":6,"stat.craftingTableInteraction":22,"stat.pickup.minecraft.iron_ore":22,"stat.pickup.quark.custom_chest":1,"stat.pickup.minecraft.wooden_pickaxe":1,"stat.damageTaken":8312,"stat.pickup.minecraft.feather":33,"stat.pickup.minecraft.leather":5,"stat.mineBlock.minecraft.torch":13,"stat.mineBlock.minecraft.furnace":2,"stat.useItem.minecraft.wooden_pickaxe":163,"stat.pickup.srparasites.assimilated_flesh":2,"stat.pickup.minecraft.planks":2,"stat.entityKilledBy.ZombieVillager":1,"stat.pickup.minecraft.wheat_seeds":11,"stat.mineBlock.minecraft.gravel":7,"stat.useItem.minecraft.stone_pickaxe":683,"stat.useItem.minecraft.stone_sword":131,"stat.damageDealt":3445,"stat.killEntity.Cow":8,"stat.mineBlock.minecraft.dirt":53,"stat.killEntity.Pig":5,"stat.walkOneCm":236600,"stat.useItem.minecraft.torch":27,"stat.pickup.spartanweaponry.boomerang_stone":1,"stat.pickup.minecraft.stick":8,"stat.craftItem.quark.custom_chest":1,"stat.pickup.minecraft.crafting_table":4,"stat.useItem.minecraft.cobblestone":90,"stat.craftItem.minecraft.crafting_table":3,"stat.mineBlock.minecraft.double_plant":3,"stat.pickup.spartanweaponry.club_studded":1,"stat.pickup.minecraft.log":30,"stat.pickup.minecraft.iron_pickaxe":2,"stat.pickup.minecraft.stone":37,"stat.pickup.minecraft.chicken":23,"stat.pickup.minecraft.sapling":2,"stat.pickup.minecraft.cooked_beef":12,"stat.killEntity.Skeleton":1,"stat.craftItem.minecraft.planks":68,"stat.killEntity.Chicken":22,"stat.pickup.futuremc.cornflower":1,"stat.killEntity.Spider":1,"stat.pickup.minecraft.stone_sword":1,"stat.mobKills":46,"stat.mineBlock.minecraft.log":30,"stat.craftItem.minecraft.cooked_chicken":3,"stat.mineBlock.minecraft.leaves":2,"stat.pickup.minecraft.torch":40,"stat.pickup.minecraft.yellow_flower":3,"stat.mineBlock.minecraft.stone":652}