{"stat.walkOneCm":223134,"stat.pickup.minecraft.gravel":24,"stat.pickup.minecraft.iron_sword":1,"stat.mineBlock.minecraft.vine":1,"stat.mineBlock.minecraft.cobblestone":8,"stat.pickup.minecraft.crafting_table":1,"stat.useItem.minecraft.cobblestone":120,"stat.pickup.minecraft.stone_pickaxe":3,"stat.craftItem.minecraft.crafting_table":1,"stat.pickup.minecraft.flint":1,"stat.furnaceInteraction":4,"stat.pickup.tombstone.familiar_stone":1,"stat.mineBlock.srparasites.gore":4,"stat.mineBlock.minecraft.coal_ore":143,"stat.pickup.srparasites.lurecomponent1":3,"stat.killEntity.Creeper":1,"stat.talkedToVillager":1,"stat.pickup.minecraft.log":1,"stat.useItem.minecraft.rotten_flesh":2,"stat.pickup.spartanshields.shield_tower_stone":1,"stat.jump":659,"stat.swimOneCm":2083,"stat.pickup.minecraft.coal":143,"stat.pickup.minecraft.iron_helmet":1,"stat.fallOneCm":6283,"stat.useItem.minecraft.planks":1,"stat.pickup.minecraft.iron_pickaxe":2,"stat.pickup.minecraft.furnace":1,"stat.drop.minecraft.carrot":16,"stat.drop.minecraft.cobblestone":14,"stat.pickup.minecraft.carrot":46,"stat.drop.minecraft.planks":5,"stat.pickup.minecraft.stone":111,"stat.pickup.minecraft.baked_potato":7,"stat.crouchOneCm":901,"stat.pickup.minecraft.spider_eye":1,"stat.craftItem.minecraft.iron_ingot":12,"stat.pickup.minecraft.dirt":25,"stat.useItem.minecraft.dirt":8,"stat.sprintOneCm":22330,"stat.useItem.minecraft.stone_slab2":18,"stat.pickup.minecraft.iron_boots":1,"stat.craftItem.minecraft.stick":8,"stat.pickup.tombstone.magic_scroll":1,"stat.craftingTableInteraction":5,"stat.drop.minecraft.furnace":1,"stat.pickup.minecraft.iron_ore":79,"stat.pickup.minecraft.rotten_flesh":3,"stat.killEntity.Skeleton":1,"stat.craftItem.minecraft.planks":4,"stat.useItem.minecraft.iron_sword":119,"stat.mineBlock.minecraft.glass_pane":3,"stat.damageTaken":605,"stat.killEntity.Spider":1,"stat.pickup.minecraft.bread":1,"stat.mineBlock.minecraft.furnace":1,"stat.mineBlock.minecraft.torch":9,"stat.craftItem.minecraft.stone_pickaxe":1,"stat.useItem.minecraft.wooden_pickaxe":60,"stat.useItem.minecraft.carrot":14,"stat.mobKills":17,"stat.pickup.minecraft.cobblestone":610,"stat.pickup.srparasites.assimilated_flesh":1,"stat.mineBlock.minecraft.log":1,"stat.pickup.minecraft.planks":14,"stat.mineBlock.minecraft.oak_stairs":1,"stat.flyOneCm":8879,"stat.mineBlock.minecraft.planks":13,"tombstone:undead_killed":3,"stat.pickup.minecraft.wheat_seeds":7,"stat.drop":36,"stat.pickup.minecraft.potato":27,"stat.playOneMinute":71648,"stat.pickup.minecraft.oak_stairs":1,"stat.pickup.minecraft.torch":9,"stat.mineBlock.minecraft.gravel":21,"stat.useItem.minecraft.stone_pickaxe":510,"stat.sneakTime":586,"stat.craftItem.minecraft.iron_leggings":1,"stat.pickup.minecraft.lava_bucket":1,"stat.damageDealt":1925,"stat.mineBlock.minecraft.iron_ore":81,"stat.useItem.minecraft.baked_potato":4,"stat.killEntity.Zombie":2,"stat.timeSinceDeath":71648,"stat.mineBlock.minecraft.dirt":25,"stat.useItem.minecraft.iron_pickaxe":436,"stat.craftItem.minecraft.wooden_pickaxe":1,"stat.mineBlock.minecraft.stone":744,"stat.mineBlock.minecraft.tallgrass":11,"stat.diveOneCm":2465,"stat.pickup.minecraft.wheat":2}