{"stat.mineBlock.quark.roots_white_flower":1,"stat.pickup.spartanweaponry.longsword_iron":1,"stat.pickup.minecraft.bone":8,"stat.useItem.minecraft.iron_axe":107,"stat.leaveGame":2,"stat.mineBlock.minecraft.cobblestone":30,"stat.mineBlock.minecraft.pumpkin":1,"stat.pickup.minecraft.stone_pickaxe":4,"stat.pickup.minecraft.flint":2,"stat.pickup.quark.limestone":218,"stat.mineBlock.srparasites.gore":4,"stat.pickup.tombstone.familiar_stone":2,"stat.useItem.spartanweaponry.greatsword_iron":132,"stat.swimOneCm":58001,"stat.useItem.minecraft.planks":1,"stat.drop.minecraft.cobblestone":14,"stat.pickup.minecraft.cooked_porkchop":11,"stat.pickup.minecraft.porkchop":12,"stat.mineBlock.quark.roots":2,"stat.useItem.minecraft.dirt":86,"stat.useItem.minecraft.stone_slab2":64,"stat.pickup.minecraft.bow":1,"stat.pickup.minecraft.iron_boots":1,"stat.pickup.srparasites.ada_longarms_drop":1,"stat.useItem.minecraft.water_bucket":32,"stat.pickup.minecraft.rotten_flesh":13,"stat.craftItem.minecraft.stone_pickaxe":1,"stat.craftItem.minecraft.cooked_beef":1,"stat.pickup.minecraft.cobblestone":1772,"stat.pickup.quark.biome_cobblestone":80,"stat.mineBlock.minecraft.clay":15,"stat.pickup.futuremc.sweet_berries":85,"stat.useItem.spartanweaponry.boomerang_stone":6,"stat.flyOneCm":97014,"stat.useItem.minecraft.cooked_beef":1,"stat.pickup.quark.tallow":17,"stat.pickup.minecraft.redstone":123,"stat.mineBlock.minecraft.iron_ore":189,"stat.craftItem.minecraft.book":1,"stat.timeSinceDeath":267867,"stat.useItem.minecraft.iron_pickaxe":1987,"stat.craftItem.minecraft.wooden_pickaxe":1,"stat.useItem.minecraft.potato":53,"stat.mineBlock.minecraft.vine":1,"stat.pickup.minecraft.stonebrick":13,"stat.furnaceInteraction":20,"stat.craftItem.spartanweaponry.material":1,"stat.useItem.minecraft.cooked_porkchop":21,"stat.mineBlock.minecraft.coal_ore":154,"stat.pickup.srparasites.lurecomponent3":2,"stat.pickup.srparasites.lurecomponent1":5,"stat.killEntity.Creeper":3,"stat.talkedToVillager":1,"stat.pickup.minecraft.string":2,"stat.pickup.spartanshields.shield_tower_stone":1,"stat.pickup.minecraft.beef":4,"stat.pickup.minecraft.furnace":2,"stat.pickup.tombstone.crafting_ingredient":4,"stat.sprintOneCm":106911,"stat.pickup.minecraft.iron_chestplate":1,"stat.pickup.spartanshields.shield_tower_iron":1,"stat.pickup.minecraft.skull":1,"stat.craftItem.minecraft.stick":24,"stat.pickup.tombstone.magic_scroll":3,"stat.drop.minecraft.furnace":1,"stat.mineBlock.minecraft.diamond_ore":3,"stat.mineBlock.minecraft.crafting_table":2,"stat.useItem.minecraft.carrot":14,"stat.pickup.minecraft.emerald":5,"stat.useItem.minecraft.dye":28,"stat.mineBlock.minecraft.oak_stairs":1,"stat.mineBlock.minecraft.planks":13,"stat.drop":36,"stat.pickup.minecraft.egg":2,"stat.playOneMinute":267867,"stat.killEntity.Sheep":5,"stat.useItem.spartanweaponry.longsword_iron":64,"stat.craftItem.minecraft.iron_pickaxe":3,"stat.craftItem.spartanweaponry.greatsword_iron":1,"stat.killEntity.Zombie":11,"stat.craftItem.minecraft.dye":15,"stat.mineBlock.minecraft.tallgrass":14,"stat.diveOneCm":23775,"stat.pickup.minecraft.wheat":2,"stat.chestOpened":2,"stat.useItem.minecraft.stone":22,"stat.pickup.minecraft.gravel":29,"stat.pickup.minecraft.iron_sword":1,"stat.pickup.minecraft.arrow":19,"stat.craftItem.minecraft.cooked_porkchop":12,"stat.killEntity.Slime":8,"stat.useItem.minecraft.rotten_flesh":2,"stat.jump":3048,"stat.pickup.minecraft.coal":181,"stat.pickup.minecraft.iron_helmet":1,"stat.pickup.minecraft.cooked_chicken":7,"stat.fallOneCm":40425,"stat.pickup.minecraft.iron_ingot":7,"stat.pickup.minecraft.carrot":46,"stat.crouchOneCm":1363,"stat.pickup.minecraft.spider_eye":1,"stat.craftItem.minecraft.iron_ingot":20,"stat.craftItem.minecraft.torch":24,"stat.pickup.minecraft.dirt":142,"stat.useItem.quark.root_flower":2,"stat.useItem.minecraft.iron_hoe":38,"stat.useItem.minecraft.cooked_chicken":7,"stat.craftingTableInteraction":25,"stat.pickup.minecraft.iron_ore":184,"stat.mineBlock.minecraft.lapis_ore":4,"stat.pickup.minecraft.iron_axe":2,"stat.mineBlock.minecraft.glass_pane":3,"stat.mineBlock.quark.limestone":90,"stat.damageTaken":3856,"stat.pickup.minecraft.leather":7,"stat.pickup.minecraft.feather":2,"stat.useItem.futuremc.sweet_berries":22,"stat.mineBlock.minecraft.furnace":2,"stat.mineBlock.minecraft.torch":39,"stat.useItem.minecraft.wooden_pickaxe":60,"stat.useItem.minecraft.reeds":3,"stat.pickup.srparasites.assimilated_flesh":7,"stat.pickup.minecraft.dye":48,"stat.pickup.minecraft.planks":58,"stat.pickup.minecraft.reeds":24,"tombstone:undead_killed":20,"stat.pickup.minecraft.wheat_seeds":7,"stat.pickup.minecraft.potato":92,"stat.pickup.minecraft.oak_stairs":1,"stat.mineBlock.minecraft.gravel":29,"stat.useItem.minecraft.stone_pickaxe":641,"stat.craftItem.minecraft.iron_leggings":1,"stat.damageDealt":13178,"stat.sleepInBed":1,"stat.killEntity.Cow":3,"stat.mineBlock.minecraft.dirt":133,"stat.killEntity.VindicationIllager":13,"stat.useItem.minecraft.crafting_table":1,"stat.killEntity.Pig":16,"stat.pickup.minecraft.poisonous_potato":5,"stat.mineBlock.quark.biome_cobblestone":80,"stat.walkOneCm":871821,"stat.useItem.minecraft.torch":39,"stat.useItem.quark.custom_chest":3,"stat.pickup.spartanweaponry.boomerang_stone":1,"stat.craftItem.quark.custom_chest":4,"stat.pickup.minecraft.crafting_table":4,"stat.pickup.minecraft.clay_ball":36,"stat.useItem.minecraft.cobblestone":295,"stat.craftItem.minecraft.crafting_table":2,"stat.killEntity.quark:stoneling":1,"stat.useItem.minecraft.lava_bucket":12,"stat.mineBlock.quark.stone_speleothem":1,"stat.pickup.minecraft.iron_hoe":1,"stat.pickup.minecraft.log":211,"stat.pickup.minecraft.iron_pickaxe":5,"stat.pickup.quark.root_flower":4,"stat.drop.minecraft.carrot":16,"stat.drop.minecraft.planks":5,"stat.pickup.minecraft.stone":131,"stat.pickup.minecraft.baked_potato":15,"stat.pickup.minecraft.chicken":7,"stat.pickup.minecraft.sapling":3,"stat.killEntity.Skeleton":8,"stat.mineBlock.minecraft.stonebrick":17,"stat.craftItem.minecraft.planks":84,"stat.useItem.minecraft.iron_sword":124,"stat.killEntity.Chicken":9,"stat.killEntity.Spider":2,"stat.pickup.quark.root":1,"stat.pickup.minecraft.bread":1,"stat.killEntity.quark:dweller":1,"stat.mobKills":107,"stat.mineBlock.minecraft.log":62,"stat.craftItem.minecraft.cooked_chicken":7,"stat.pickup.minecraft.diamond":3,"stat.mineBlock.minecraft.leaves":37,"stat.craftItem.minecraft.paper":3,"stat.pickup.minecraft.torch":51,"stat.mineBlock.minecraft.redstone_ore":25,"stat.sneakTime":860,"stat.pickup.minecraft.lava_bucket":1,"stat.useItem.minecraft.baked_potato":15,"stat.mineBlock.minecraft.stone":1987}