{"stat.useItem.minecraft.stone":3,"stat.leaveGame":4,"stat.pickup.minecraft.stone_pickaxe":1,"stat.pickup.minecraft.stone_axe":1,"stat.mineBlock.minecraft.yellow_flower":2,"stat.mineBlock.srparasites.gore":1,"stat.jump":519,"stat.swimOneCm":275,"stat.fallOneCm":7219,"stat.useItem.minecraft.planks":1,"stat.craftItem.minecraft.torch":40,"stat.pickup.minecraft.dirt":50,"stat.useItem.minecraft.dirt":10,"stat.useItem.minecraft.stone_slab2":5,"stat.craftingTableInteraction":16,"stat.pickup.quark.custom_chest":1,"stat.craftItem.minecraft.stone_axe":3,"stat.pickup.minecraft.wooden_pickaxe":1,"stat.damageTaken":2398,"stat.craftItem.minecraft.stone_pickaxe":4,"stat.mineBlock.minecraft.torch":1,"stat.useItem.minecraft.wooden_pickaxe":99,"stat.pickup.minecraft.cobblestone":306,"stat.pickup.srparasites.assimilated_flesh":1,"stat.pickup.minecraft.planks":2,"stat.craftItem.minecraft.stone_sword":3,"stat.flyOneCm":35074,"stat.pickup.minecraft.wheat_seeds":4,"stat.useItem.minecraft.stone_pickaxe":160,"stat.damageDealt":232,"stat.timeSinceDeath":25,"stat.mineBlock.minecraft.dirt":36,"stat.craftItem.minecraft.wooden_pickaxe":3,"stat.walkOneCm":80080,"stat.useItem.minecraft.torch":5,"stat.pickup.minecraft.stick":6,"stat.craftItem.quark.custom_chest":1,"stat.pickup.minecraft.crafting_table":1,"stat.useItem.minecraft.cobblestone":10,"stat.craftItem.minecraft.crafting_table":1,"stat.furnaceInteraction":6,"stat.pickup.srparasites.lurecomponent1":3,"stat.pickup.minecraft.log":25,"stat.pickup.minecraft.string":1,"stat.pickup.spartanshields.shield_tower_stone":2,"stat.pickup.minecraft.stone":26,"stat.pickup.minecraft.sapling":1,"stat.sprintOneCm":38055,"stat.craftItem.minecraft.stick":40,"stat.craftItem.minecraft.planks":48,"stat.mineBlock.minecraft.crafting_table":1,"stat.mineBlock.minecraft.log":25,"stat.deaths":11,"stat.mineBlock.minecraft.planks":1,"stat.mineBlock.minecraft.leaves":2,"stat.playOneMinute":40143,"stat.pickup.minecraft.birch_door":1,"stat.pickup.minecraft.torch":3,"stat.pickup.minecraft.yellow_flower":2,"stat.mineBlock.minecraft.stone":237,"stat.mineBlock.minecraft.tallgrass":13}