{"stat.walkOneCm":78002,"stat.pickup.minecraft.gravel":18,"stat.pickup.minecraft.iron_sword":1,"stat.mineBlock.minecraft.vine":1,"stat.mineBlock.minecraft.cobblestone":1,"stat.useItem.minecraft.cobblestone":3,"stat.craftItem.minecraft.crafting_table":1,"stat.pickup.minecraft.flint":1,"stat.pickup.tombstone.familiar_stone":1,"stat.mineBlock.srparasites.gore":4,"stat.mineBlock.minecraft.coal_ore":50,"stat.pickup.srparasites.lurecomponent1":3,"stat.talkedToVillager":1,"stat.pickup.minecraft.log":1,"stat.useItem.minecraft.rotten_flesh":2,"stat.jump":273,"stat.swimOneCm":112,"stat.pickup.minecraft.coal":50,"stat.fallOneCm":2877,"stat.pickup.minecraft.furnace":1,"stat.drop.minecraft.carrot":16,"stat.pickup.minecraft.carrot":46,"stat.drop.minecraft.planks":5,"stat.pickup.minecraft.stone":3,"stat.pickup.minecraft.dirt":15,"stat.useItem.minecraft.dirt":8,"stat.sprintOneCm":7337,"stat.useItem.minecraft.stone_slab2":5,"stat.craftItem.minecraft.stick":8,"stat.craftingTableInteraction":4,"stat.drop.minecraft.furnace":1,"stat.pickup.minecraft.rotten_flesh":2,"stat.craftItem.minecraft.planks":4,"stat.useItem.minecraft.iron_sword":99,"stat.mineBlock.minecraft.glass_pane":3,"stat.damageTaken":508,"stat.pickup.minecraft.bread":1,"stat.mineBlock.minecraft.furnace":1,"stat.mineBlock.minecraft.torch":2,"stat.craftItem.minecraft.stone_pickaxe":1,"stat.useItem.minecraft.wooden_pickaxe":34,"stat.useItem.minecraft.carrot":14,"stat.mobKills":10,"stat.pickup.minecraft.cobblestone":87,"stat.pickup.srparasites.assimilated_flesh":1,"stat.mineBlock.minecraft.log":1,"stat.pickup.minecraft.planks":14,"stat.mineBlock.minecraft.oak_stairs":1,"stat.flyOneCm":8333,"stat.mineBlock.minecraft.planks":13,"stat.pickup.minecraft.wheat_seeds":7,"stat.drop":22,"stat.pickup.minecraft.potato":27,"stat.playOneMinute":23048,"stat.pickup.minecraft.oak_stairs":1,"stat.pickup.minecraft.torch":2,"stat.mineBlock.minecraft.gravel":19,"stat.useItem.minecraft.stone_pickaxe":131,"stat.damageDealt":1045,"stat.timeSinceDeath":23048,"stat.mineBlock.minecraft.dirt":15,"stat.craftItem.minecraft.wooden_pickaxe":1,"stat.mineBlock.minecraft.stone":89,"stat.mineBlock.minecraft.tallgrass":11,"stat.pickup.minecraft.wheat":2}