{"stat.mineBlock.quark.roots_white_flower":1,"stat.pickup.draconicevolution.draconium_dust":5,"stat.leaveGame":4,"stat.pickup.quark.limestone":218,"stat.pickup.tombstone.familiar_stone":2,"stat.useItem.minecraft.planks":1,"stat.pickup.minecraft.porkchop":12,"stat.pickup.srparasites.ada_longarms_drop":1,"stat.useItem.minecraft.water_bucket":103,"stat.pickup.minecraft.rotten_flesh":38,"stat.useItem.spartanweaponry.boomerang_stone":6,"stat.craftItem.minecraft.iron_shovel":1,"stat.killEntity.Witch":2,"stat.pickup.quark.tallow":17,"stat.useItem.minecraft.iron_pickaxe":3978,"stat.craftItem.minecraft.wooden_pickaxe":1,"stat.useItem.minecraft.iron_shovel":49,"stat.pickup.spartanweaponry.greatsword_iron":1,"stat.mineBlock.minecraft.vine":1,"stat.furnaceInteraction":35,"stat.craftItem.spartanweaponry.material":3,"stat.killEntity.ZombieVillager":1,"stat.pickup.srparasites.lurecomponent3":2,"stat.pickup.srparasites.lurecomponent1":5,"stat.pickup.spartanshields.shield_tower_stone":1,"stat.pickup.minecraft.beef":4,"stat.pickup.minecraft.furnace":2,"stat.useItem.minecraft.cooked_mutton":2,"stat.pickup.minecraft.iron_chestplate":1,"stat.pickup.minecraft.skull":1,"stat.useItem.minecraft.stone_stairs":78,"stat.pickup.tombstone.magic_scroll":3,"stat.drop.minecraft.furnace":1,"stat.pickup.minecraft.stone_stairs":9,"stat.pickup.minecraft.emerald":5,"stat.useItem.minecraft.dye":63,"stat.useItem.spartanweaponry.halberd_iron":62,"stat.pickup.spartanweaponry.halberd_iron":3,"stat.mineBlock.minecraft.oak_stairs":1,"stat.deaths":2,"stat.pickup.minecraft.egg":2,"stat.playOneMinute":497613,"stat.craftItem.minecraft.iron_pickaxe":11,"stat.mineBlock.minecraft.tallgrass":14,"stat.pickup.minecraft.cooked_mutton":2,"stat.chestOpened":2,"stat.useItem.minecraft.stone":22,"stat.pickup.minecraft.iron_sword":1,"stat.pickup.minecraft.arrow":30,"stat.pickup.minecraft.cooked_chicken":7,"stat.fallOneCm":56501,"stat.pickup.minecraft.carrot":46,"stat.crouchOneCm":2045,"stat.craftItem.minecraft.iron_ingot":92,"stat.useItem.quark.root_flower":2,"stat.useItem.minecraft.iron_hoe":43,"stat.craftingTableInteraction":44,"stat.mineBlock.quark.limestone":90,"stat.pickup.minecraft.feather":2,"stat.useItem.futuremc.sweet_berries":85,"stat.useItem.minecraft.reeds":43,"stat.pickup.minecraft.dye":85,"stat.pickup.minecraft.planks":58,"stat.pickup.minecraft.wheat_seeds":7,"stat.mineBlock.minecraft.gravel":29,"stat.useItem.minecraft.stone_pickaxe":641,"stat.craftItem.minecraft.iron_leggings":2,"stat.mineBlock.minecraft.dirt":232,"stat.killEntity.VindicationIllager":13,"stat.pickup.minecraft.poisonous_potato":6,"stat.mineBlock.quark.biome_cobblestone":88,"stat.useItem.minecraft.torch":111,"stat.craftItem.minecraft.stone_stairs":112,"stat.pickup.minecraft.crafting_table":6,"stat.useItem.minecraft.cobblestone":695,"stat.craftItem.minecraft.crafting_table":2,"stat.mineBlock.quark.stone_speleothem":2,"stat.pickup.minecraft.iron_hoe":1,"stat.pickup.minecraft.log":211,"stat.pickup.minecraft.iron_pickaxe":5,"stat.drop.minecraft.carrot":16,"stat.drop.minecraft.planks":5,"stat.pickup.minecraft.chicken":7,"stat.pickup.minecraft.sapling":3,"stat.entityKilledBy.quark:dweller":1,"stat.craftItem.minecraft.planks":96,"stat.useItem.minecraft.iron_sword":124,"stat.pickup.quark.root":1,"stat.mineBlock.minecraft.log":62,"stat.craftItem.minecraft.cooked_chicken":7,"stat.useItem.minecraft.stone_hoe":33,"stat.craftItem.spartanweaponry.halberd_iron":1,"stat.craftItem.minecraft.paper":3,"stat.sneakTime":1363,"stat.useItem.minecraft.baked_potato":42,"stat.pickup.spartanweaponry.longsword_iron":2,"stat.pickup.minecraft.bone":38,"stat.useItem.minecraft.iron_axe":119,"stat.mineBlock.minecraft.cobblestone":105,"stat.mineBlock.minecraft.pumpkin":1,"stat.pickup.minecraft.stone_pickaxe":4,"stat.pickup.minecraft.flint":2,"stat.mineBlock.srparasites.gore":4,"stat.useItem.spartanweaponry.greatsword_iron":232,"stat.swimOneCm":118704,"stat.drop.minecraft.cobblestone":14,"stat.pickup.minecraft.cooked_porkchop":11,"stat.mineBlock.quark.roots":4,"stat.useItem.minecraft.dirt":187,"stat.useItem.minecraft.stone_slab2":102,"stat.pickup.minecraft.bow":1,"stat.pickup.minecraft.iron_boots":1,"stat.craftItem.minecraft.iron_boots":1,"stat.useItem.minecraft.iron_ore":3,"stat.craftItem.minecraft.stone_pickaxe":1,"stat.craftItem.minecraft.cooked_beef":1,"stat.pickup.minecraft.cobblestone":3871,"stat.pickup.quark.biome_cobblestone":90,"stat.mineBlock.minecraft.clay":17,"stat.pickup.futuremc.sweet_berries":85,"stat.flyOneCm":163892,"stat.useItem.minecraft.cooked_beef":1,"stat.pickup.minecraft.redstone":252,"stat.mineBlock.minecraft.iron_ore":307,"stat.craftItem.minecraft.book":1,"stat.timeSinceDeath":98524,"stat.useItem.minecraft.potato":130,"stat.pickup.minecraft.stonebrick":13,"stat.useItem.minecraft.cooked_porkchop":21,"stat.mineBlock.minecraft.coal_ore":215,"stat.killEntity.Creeper":7,"stat.talkedToVillager":1,"stat.craftItem.minecraft.stone_hoe":1,"stat.drop.spartanweaponry.halberd_iron":2,"stat.pickup.minecraft.string":9,"stat.pickup.tombstone.crafting_ingredient":15,"stat.sprintOneCm":291754,"stat.pickup.spartanshields.shield_tower_iron":1,"stat.craftItem.minecraft.stick":48,"stat.mineBlock.minecraft.diamond_ore":19,"stat.mineBlock.minecraft.crafting_table":2,"stat.useItem.minecraft.carrot":14,"stat.mineBlock.minecraft.planks":13,"stat.drop":38,"stat.killEntity.Sheep":5,"stat.useItem.spartanweaponry.longsword_iron":64,"stat.pickup.tombstone.grave_key":2,"stat.craftItem.spartanweaponry.greatsword_iron":1,"stat.killEntity.Zombie":34,"stat.craftItem.minecraft.dye":51,"stat.mineBlock.minecraft.gold_ore":9,"stat.diveOneCm":29937,"stat.pickup.minecraft.wheat":2,"stat.pickup.minecraft.gravel":29,"stat.craftItem.minecraft.cooked_porkchop":12,"stat.killEntity.Slime":8,"stat.useItem.minecraft.rotten_flesh":2,"stat.jump":5056,"stat.pickup.minecraft.coal":238,"stat.pickup.minecraft.iron_helmet":1,"stat.pickup.minecraft.iron_ingot":38,"stat.pickup.minecraft.gunpowder":3,"stat.pickup.minecraft.spider_eye":4,"stat.craftItem.minecraft.torch":76,"stat.pickup.minecraft.dirt":236,"stat.craftItem.minecraft.iron_helmet":1,"stat.useItem.minecraft.cooked_chicken":7,"stat.pickup.minecraft.iron_ore":312,"stat.pickup.minecraft.gold_ore":9,"stat.mineBlock.minecraft.lapis_ore":11,"stat.pickup.minecraft.iron_axe":2,"stat.mineBlock.minecraft.glass_pane":3,"stat.mineBlock.minecraft.stone_stairs":10,"stat.damageTaken":6629,"stat.pickup.minecraft.leather":7,"stat.mineBlock.minecraft.furnace":2,"stat.mineBlock.minecraft.torch":86,"stat.useItem.minecraft.wooden_pickaxe":60,"stat.pickup.srparasites.assimilated_flesh":12,"stat.pickup.minecraft.reeds":51,"stat.killEntity.CaveSpider":3,"tombstone:undead_killed":58,"stat.pickup.minecraft.potato":240,"stat.pickup.minecraft.oak_stairs":1,"stat.damageDealt":22829,"stat.sleepInBed":2,"stat.craftItem.minecraft.baked_potato":14,"stat.killEntity.Cow":3,"stat.mineBlock.quark.roots_blue_flower":3,"stat.useItem.minecraft.crafting_table":1,"stat.killEntity.Pig":16,"stat.walkOneCm":1573004,"stat.useItem.quark.custom_chest":3,"stat.pickup.spartanweaponry.boomerang_stone":1,"stat.pickup.minecraft.stick":11,"stat.craftItem.quark.custom_chest":4,"stat.pickup.minecraft.clay_ball":44,"stat.killEntity.quark:stoneling":2,"stat.useItem.minecraft.lava_bucket":15,"stat.pickup.quark.root_flower":7,"stat.useItem.tombstone.gift":2,"stat.pickup.minecraft.stone":151,"stat.craftItem.minecraft.iron_chestplate":1,"stat.pickup.minecraft.baked_potato":50,"stat.mineBlock.minecraft.packed_ice":1,"stat.pickup.minecraft.ender_pearl":1,"stat.killEntity.Skeleton":18,"stat.mineBlock.minecraft.stonebrick":17,"stat.killEntity.Chicken":9,"stat.killEntity.Spider":5,"stat.pickup.minecraft.bread":1,"stat.killEntity.quark:dweller":5,"stat.mobKills":160,"stat.pickup.minecraft.diamond":19,"stat.mineBlock.minecraft.leaves":37,"stat.pickup.minecraft.torch":109,"stat.mineBlock.srparasites.parasitecanister":1,"stat.mineBlock.minecraft.redstone_ore":47,"stat.pickup.minecraft.lava_bucket":1,"stat.mineBlock.minecraft.stone":3624}