{"stat.walkOneCm":57752,"stat.useItem.minecraft.stone":1,"stat.pickup.spartanshields.shield_tower_wood":6,"stat.pickup.minecraft.stick":27,"stat.pickup.minecraft.crafting_table":6,"stat.craftItem.minecraft.crafting_table":1,"stat.furnaceInteraction":4,"stat.mineBlock.minecraft.double_plant":2,"stat.pickup.minecraft.log":4,"stat.pickup.minecraft.diamond_sword":2,"stat.jump":565,"stat.swimOneCm":639,"stat.useItem.minecraft.experience_bottle":1,"stat.fallOneCm":11291,"stat.pickup.minecraft.beef":158,"stat.pickup.minecraft.furnace":5,"stat.pickup.minecraft.stone":2,"stat.pickup.minecraft.porkchop":76,"stat.pickup.minecraft.spider_eye":3,"stat.useItem.minecraft.dirt":2,"stat.pickup.minecraft.dirt":3,"stat.sprintOneCm":76889,"stat.pickup.minecraft.experience_bottle":1,"stat.useItem.minecraft.stone_slab2":6,"stat.pickup.minecraft.cooked_beef":3,"stat.craftItem.minecraft.stick":12,"stat.craftingTableInteraction":3,"stat.pickup.minecraft.rotten_flesh":2,"stat.craftItem.minecraft.furnace":1,"stat.useItem.charm.bat_bucket":1,"stat.craftItem.minecraft.planks":16,"stat.pickup.minecraft.wooden_pickaxe":3,"stat.damageTaken":1773,"stat.mineBlock.minecraft.crafting_table":3,"stat.pickup.minecraft.leather":57,"stat.killEntity.Spider":1,"stat.mineBlock.minecraft.furnace":1,"stat.useItem.minecraft.wooden_pickaxe":24,"stat.craftItem.minecraft.cooked_beef":1,"stat.pickup.minecraft.cobblestone":25,"stat.mobKills":33,"stat.mineBlock.minecraft.log":4,"stat.pickup.minecraft.dye":12,"stat.pickup.charm.bat_bucket":4,"stat.pickup.minecraft.reeds":4,"stat.craftItem.minecraft.stone_sword":1,"stat.flyOneCm":93127,"stat.deaths":7,"stat.pickup.minecraft.wheat_seeds":21,"stat.playOneMinute":23173,"stat.pickup.minecraft.fish":1,"stat.useItem.minecraft.cooked_beef":4,"stat.useItem.minecraft.stone_sword":98,"stat.pickup.quark.tallow":88,"stat.damageDealt":3570,"stat.timeSinceDeath":136,"stat.killEntity.Cow":19,"stat.mineBlock.minecraft.dirt":3,"stat.craftItem.minecraft.wooden_pickaxe":1,"stat.mineBlock.minecraft.stone":17,"stat.killEntity.Pig":10,"stat.mineBlock.minecraft.tallgrass":17,"stat.diveOneCm":129}