{"stat.useItem.minecraft.stone":1,"stat.leaveGame":2,"stat.mineBlock.minecraft.cobblestone":1,"stat.pickup.minecraft.stone_pickaxe":1,"stat.craftItem.minecraft.coal":1,"stat.pickup.minecraft.diamond_sword":3,"stat.jump":1016,"stat.swimOneCm":2151,"stat.useItem.minecraft.experience_bottle":1,"stat.pickup.minecraft.coal":1,"stat.fallOneCm":20596,"stat.useItem.minecraft.planks":11,"stat.pickup.minecraft.porkchop":114,"stat.pickup.minecraft.spider_eye":3,"stat.craftItem.minecraft.torch":4,"stat.useItem.minecraft.dirt":13,"stat.pickup.minecraft.dirt":20,"stat.pickup.minecraft.experience_bottle":1,"stat.useItem.minecraft.stone_slab2":14,"stat.craftingTableInteraction":12,"stat.pickup.minecraft.iron_ore":4,"stat.pickup.minecraft.rotten_flesh":6,"stat.craftItem.minecraft.furnace":2,"stat.useItem.charm.bat_bucket":1,"stat.craftItem.minecraft.stone_axe":1,"stat.pickup.minecraft.wooden_pickaxe":7,"stat.damageTaken":2923,"stat.pickup.minecraft.leather":101,"stat.mineBlock.minecraft.furnace":2,"stat.mineBlock.minecraft.torch":1,"stat.useItem.minecraft.wooden_pickaxe":54,"stat.craftItem.minecraft.cooked_beef":1,"stat.pickup.minecraft.cobblestone":48,"stat.pickup.srparasites.assimilated_flesh":4,"stat.pickup.minecraft.dye":18,"stat.pickup.minecraft.planks":40,"stat.pickup.minecraft.reeds":4,"stat.craftItem.minecraft.stone_sword":2,"stat.flyOneCm":180916,"stat.pickup.minecraft.wheat_seeds":22,"stat.pickup.minecraft.fish":1,"stat.useItem.minecraft.stone_pickaxe":10,"stat.useItem.minecraft.cooked_beef":4,"stat.useItem.minecraft.stone_sword":181,"stat.pickup.quark.tallow":110,"stat.damageDealt":6107,"stat.mineBlock.minecraft.iron_ore":4,"stat.timeSinceDeath":9135,"stat.killEntity.Cow":24,"stat.mineBlock.minecraft.dirt":18,"stat.craftItem.minecraft.wooden_pickaxe":3,"stat.killEntity.Pig":10,"stat.walkOneCm":116920,"stat.useItem.minecraft.torch":2,"stat.playerKills":1,"stat.pickup.spartanshields.shield_tower_wood":9,"stat.pickup.minecraft.stick":46,"stat.pickup.minecraft.crafting_table":10,"stat.useItem.minecraft.cobblestone":4,"stat.craftItem.minecraft.crafting_table":3,"stat.furnaceInteraction":6,"stat.mineBlock.minecraft.double_plant":3,"stat.pickup.minecraft.log":11,"stat.pickup.minecraft.beef":336,"stat.pickup.minecraft.furnace":7,"stat.pickup.minecraft.stone":4,"stat.sprintOneCm":122052,"stat.pickup.minecraft.cooked_beef":3,"stat.craftItem.minecraft.stick":32,"stat.craftItem.minecraft.planks":36,"stat.mineBlock.minecraft.crafting_table":6,"stat.killEntity.Spider":1,"stat.pickup.minecraft.stone_sword":2,"stat.mobKills":61,"stat.mineBlock.minecraft.log":10,"stat.pickup.charm.bat_bucket":9,"stat.deaths":13,"stat.playOneMinute":45000,"stat.pickup.minecraft.torch":1,"stat.sneakTime":46,"stat.mineBlock.minecraft.stone":37,"stat.mineBlock.minecraft.tallgrass":30,"stat.diveOneCm":129}