{"stat.walkOneCm":16660,"stat.craftItem.minecraft.planks":16,"stat.leaveGame":2,"stat.pickup.minecraft.crafting_table":1,"stat.damageTaken":482,"stat.mineBlock.minecraft.crafting_table":1,"stat.craftItem.minecraft.crafting_table":1,"stat.useItem.minecraft.wooden_pickaxe":33,"stat.pickup.minecraft.cobblestone":26,"stat.mineBlock.minecraft.log":8,"stat.pickup.minecraft.log":8,"stat.flyOneCm":12152,"stat.deaths":2,"stat.pickup.minecraft.wheat_seeds":3,"stat.jump":151,"stat.mineBlock.minecraft.leaves":2,"stat.playOneMinute":9946,"stat.fallOneCm":1106,"stat.damageDealt":19,"stat.timeSinceDeath":4628,"stat.pickup.minecraft.sapling":1,"stat.pickup.minecraft.dirt":16,"stat.useItem.minecraft.dirt":2,"stat.sprintOneCm":15797,"stat.mineBlock.minecraft.dirt":13,"stat.useItem.minecraft.stone_slab2":2,"stat.craftItem.minecraft.wooden_pickaxe":1,"stat.mineBlock.minecraft.stone":26,"stat.mineBlock.minecraft.tallgrass":4,"stat.craftItem.minecraft.stick":8,"stat.craftingTableInteraction":1}