{"stat.mineBlock.quark.roots_white_flower":1,"stat.pickup.spartanweaponry.longsword_iron":1,"stat.useItem.minecraft.iron_axe":25,"stat.leaveGame":1,"stat.mineBlock.minecraft.cobblestone":15,"stat.pickup.minecraft.stone_pickaxe":4,"stat.pickup.minecraft.flint":1,"stat.pickup.quark.limestone":218,"stat.mineBlock.srparasites.gore":4,"stat.pickup.tombstone.familiar_stone":1,"stat.swimOneCm":20916,"stat.useItem.minecraft.planks":1,"stat.drop.minecraft.cobblestone":14,"stat.pickup.minecraft.porkchop":10,"stat.mineBlock.quark.roots":1,"stat.useItem.minecraft.dirt":8,"stat.useItem.minecraft.stone_slab2":28,"stat.pickup.minecraft.iron_boots":1,"stat.pickup.minecraft.rotten_flesh":5,"stat.craftItem.minecraft.stone_pickaxe":1,"stat.pickup.minecraft.cobblestone":884,"stat.flyOneCm":54032,"stat.pickup.quark.tallow":14,"stat.mineBlock.minecraft.iron_ore":146,"stat.timeSinceDeath":123013,"stat.useItem.minecraft.iron_pickaxe":702,"stat.craftItem.minecraft.wooden_pickaxe":1,"stat.mineBlock.minecraft.vine":1,"stat.furnaceInteraction":4,"stat.mineBlock.minecraft.coal_ore":143,"stat.pickup.srparasites.lurecomponent1":5,"stat.killEntity.Creeper":1,"stat.talkedToVillager":1,"stat.pickup.spartanshields.shield_tower_stone":1,"stat.pickup.minecraft.beef":4,"stat.pickup.minecraft.furnace":1,"stat.sprintOneCm":61146,"stat.pickup.minecraft.iron_chestplate":1,"stat.craftItem.minecraft.stick":12,"stat.pickup.tombstone.magic_scroll":2,"stat.drop.minecraft.furnace":1,"stat.useItem.minecraft.carrot":14,"stat.mineBlock.minecraft.oak_stairs":1,"stat.mineBlock.minecraft.planks":13,"stat.drop":36,"stat.pickup.minecraft.egg":2,"stat.playOneMinute":123013,"stat.useItem.spartanweaponry.longsword_iron":63,"stat.craftItem.minecraft.iron_pickaxe":1,"stat.killEntity.Zombie":4,"stat.mineBlock.minecraft.tallgrass":13,"stat.diveOneCm":15971,"stat.pickup.minecraft.wheat":2,"stat.useItem.minecraft.stone":21,"stat.pickup.minecraft.gravel":24,"stat.pickup.minecraft.iron_sword":1,"stat.killEntity.Slime":8,"stat.useItem.minecraft.rotten_flesh":2,"stat.jump":1519,"stat.pickup.minecraft.coal":144,"stat.pickup.minecraft.iron_helmet":1,"stat.fallOneCm":18592,"stat.pickup.minecraft.iron_ingot":6,"stat.pickup.minecraft.carrot":46,"stat.crouchOneCm":901,"stat.pickup.minecraft.spider_eye":1,"stat.craftItem.minecraft.iron_ingot":12,"stat.pickup.minecraft.dirt":35,"stat.useItem.quark.root_flower":2,"stat.craftingTableInteraction":7,"stat.pickup.minecraft.iron_ore":144,"stat.pickup.minecraft.iron_axe":1,"stat.mineBlock.minecraft.glass_pane":3,"stat.mineBlock.quark.limestone":90,"stat.damageTaken":1093,"stat.pickup.minecraft.leather":3,"stat.pickup.minecraft.feather":2,"stat.mineBlock.minecraft.furnace":1,"stat.mineBlock.minecraft.torch":15,"stat.useItem.minecraft.wooden_pickaxe":60,"stat.pickup.srparasites.assimilated_flesh":1,"stat.pickup.minecraft.planks":34,"stat.pickup.minecraft.reeds":7,"tombstone:undead_killed":8,"stat.pickup.minecraft.wheat_seeds":7,"stat.pickup.minecraft.potato":27,"stat.pickup.minecraft.oak_stairs":1,"stat.mineBlock.minecraft.gravel":21,"stat.useItem.minecraft.stone_pickaxe":641,"stat.craftItem.minecraft.iron_leggings":1,"stat.damageDealt":4917,"stat.killEntity.Cow":3,"stat.mineBlock.minecraft.dirt":37,"stat.killEntity.Pig":6,"stat.walkOneCm":377900,"stat.pickup.spartanweaponry.boomerang_stone":1,"stat.pickup.minecraft.crafting_table":1,"stat.useItem.minecraft.cobblestone":150,"stat.craftItem.minecraft.crafting_table":2,"stat.killEntity.quark:stoneling":1,"stat.pickup.minecraft.log":7,"stat.pickup.minecraft.iron_pickaxe":2,"stat.pickup.quark.root_flower":2,"stat.drop.minecraft.carrot":16,"stat.drop.minecraft.planks":5,"stat.pickup.minecraft.stone":116,"stat.pickup.minecraft.baked_potato":15,"stat.pickup.minecraft.chicken":6,"stat.killEntity.Skeleton":4,"stat.craftItem.minecraft.planks":28,"stat.useItem.minecraft.iron_sword":124,"stat.killEntity.Chicken":8,"stat.killEntity.Spider":1,"stat.pickup.minecraft.bread":1,"stat.mobKills":50,"stat.mineBlock.minecraft.log":11,"stat.mineBlock.minecraft.leaves":15,"stat.pickup.minecraft.torch":14,"stat.sneakTime":586,"stat.pickup.minecraft.lava_bucket":1,"stat.useItem.minecraft.baked_potato":14,"stat.mineBlock.minecraft.stone":966}