{"stat.useItem.minecraft.stone":1,"stat.leaveGame":1,"stat.pickup.minecraft.diamond_sword":3,"stat.jump":762,"stat.swimOneCm":906,"stat.useItem.minecraft.experience_bottle":1,"stat.fallOneCm":17796,"stat.useItem.minecraft.planks":11,"stat.pickup.minecraft.porkchop":114,"stat.pickup.minecraft.spider_eye":3,"stat.useItem.minecraft.dirt":5,"stat.pickup.minecraft.dirt":9,"stat.pickup.minecraft.experience_bottle":1,"stat.useItem.minecraft.stone_slab2":10,"stat.craftingTableInteraction":5,"stat.pickup.minecraft.rotten_flesh":5,"stat.craftItem.minecraft.furnace":1,"stat.useItem.charm.bat_bucket":1,"stat.pickup.minecraft.wooden_pickaxe":6,"stat.damageTaken":2738,"stat.pickup.minecraft.leather":97,"stat.mineBlock.minecraft.furnace":1,"stat.useItem.minecraft.wooden_pickaxe":33,"stat.craftItem.minecraft.cooked_beef":1,"stat.pickup.minecraft.cobblestone":30,"stat.pickup.minecraft.dye":18,"stat.pickup.minecraft.planks":40,"stat.pickup.minecraft.reeds":4,"stat.craftItem.minecraft.stone_sword":2,"stat.flyOneCm":138713,"stat.pickup.minecraft.wheat_seeds":21,"stat.pickup.minecraft.fish":1,"stat.useItem.minecraft.cooked_beef":4,"stat.useItem.minecraft.stone_sword":104,"stat.pickup.quark.tallow":110,"stat.damageDealt":3770,"stat.timeSinceDeath":1793,"stat.killEntity.Cow":21,"stat.mineBlock.minecraft.dirt":9,"stat.craftItem.minecraft.wooden_pickaxe":2,"stat.killEntity.Pig":10,"stat.walkOneCm":74247,"stat.pickup.spartanshields.shield_tower_wood":9,"stat.pickup.minecraft.stick":46,"stat.pickup.minecraft.crafting_table":7,"stat.useItem.minecraft.cobblestone":1,"stat.craftItem.minecraft.crafting_table":3,"stat.furnaceInteraction":4,"stat.mineBlock.minecraft.double_plant":3,"stat.pickup.minecraft.log":9,"stat.pickup.minecraft.beef":283,"stat.pickup.minecraft.furnace":5,"stat.pickup.minecraft.stone":2,"stat.sprintOneCm":111237,"stat.pickup.minecraft.cooked_beef":3,"stat.craftItem.minecraft.stick":16,"stat.craftItem.minecraft.planks":28,"stat.mineBlock.minecraft.crafting_table":4,"stat.killEntity.Spider":1,"stat.pickup.minecraft.stone_sword":1,"stat.mobKills":35,"stat.mineBlock.minecraft.log":8,"stat.pickup.charm.bat_bucket":8,"stat.deaths":12,"stat.playOneMinute":30766,"stat.mineBlock.minecraft.stone":22,"stat.mineBlock.minecraft.tallgrass":19,"stat.diveOneCm":129}