{"stat.pickup.minecraft.rotten_flesh":2,"stat.walkOneCm":27673,"stat.craftItem.minecraft.planks":4,"stat.useItem.minecraft.iron_sword":22,"stat.mineBlock.minecraft.glass_pane":3,"stat.pickup.minecraft.iron_sword":1,"stat.damageTaken":240,"stat.craftItem.minecraft.crafting_table":1,"stat.mineBlock.minecraft.furnace":1,"stat.useItem.minecraft.wooden_pickaxe":1,"stat.pickup.tombstone.familiar_stone":1,"stat.mobKills":1,"stat.mineBlock.minecraft.log":1,"stat.pickup.srparasites.lurecomponent1":1,"stat.talkedToVillager":1,"stat.pickup.minecraft.planks":12,"stat.mineBlock.minecraft.oak_stairs":1,"stat.pickup.minecraft.log":1,"stat.useItem.minecraft.rotten_flesh":2,"stat.flyOneCm":3480,"stat.mineBlock.minecraft.planks":11,"stat.pickup.minecraft.wheat_seeds":1,"stat.jump":92,"stat.playOneMinute":10448,"stat.pickup.minecraft.oak_stairs":1,"stat.fallOneCm":896,"stat.pickup.minecraft.furnace":1,"stat.damageDealt":294,"stat.timeSinceDeath":10448,"stat.pickup.minecraft.dirt":9,"stat.useItem.minecraft.dirt":6,"stat.sprintOneCm":2683,"stat.mineBlock.minecraft.dirt":9,"stat.useItem.minecraft.stone_slab2":2,"stat.craftItem.minecraft.wooden_pickaxe":1,"stat.mineBlock.minecraft.tallgrass":3,"stat.craftItem.minecraft.stick":8,"stat.craftingTableInteraction":3}