{"stat.pickup.minecraft.bone":3,"stat.leaveGame":14,"stat.mineBlock.minecraft.cobblestone":9,"stat.pickup.minecraft.stone_pickaxe":6,"stat.pickup.minecraft.flint":2,"stat.mineBlock.minecraft.yellow_flower":3,"stat.mineBlock.srparasites.gore":7,"stat.pickup.srparasites.parasitecanister":2,"stat.swimOneCm":11818,"stat.useItem.minecraft.planks":1,"stat.climbOneCm":167,"stat.pickup.minecraft.cooked_porkchop":4,"stat.pickup.minecraft.porkchop":18,"stat.useItem.minecraft.dirt":15,"stat.useItem.minecraft.stone_slab2":20,"stat.pickup.minecraft.rotten_flesh":9,"stat.craftItem.minecraft.furnace":1,"stat.useItem.minecraft.egg":3,"stat.craftItem.minecraft.stone_axe":3,"stat.pickup.minecraft.bucket":1,"stat.craftItem.minecraft.stone_pickaxe":5,"stat.pickup.minecraft.cobblestone":924,"stat.craftItem.minecraft.stone_sword":4,"stat.flyOneCm":295820,"stat.pickup.minecraft.fish":2,"stat.useItem.minecraft.cooked_beef":6,"stat.pickup.quark.tallow":20,"stat.mineBlock.minecraft.iron_ore":65,"stat.timeSinceDeath":105824,"stat.useItem.minecraft.iron_pickaxe":267,"stat.craftItem.minecraft.wooden_pickaxe":4,"stat.furnaceInteraction":11,"stat.mineBlock.futuremc.cornflower":1,"stat.mineBlock.minecraft.coal_ore":218,"stat.pickup.srparasites.lurecomponent1":12,"stat.pickup.minecraft.string":4,"stat.pickup.spartanshields.shield_tower_stone":3,"stat.pickup.minecraft.beef":31,"stat.pickup.minecraft.furnace":2,"stat.sprintOneCm":243850,"stat.craftItem.minecraft.stick":68,"stat.mineBlock.minecraft.crafting_table":3,"stat.deaths":39,"stat.mineBlock.minecraft.planks":2,"stat.drop":1,"stat.pickup.minecraft.egg":11,"stat.playOneMinute":160790,"stat.pickup.minecraft.birch_door":1,"stat.killEntity.Zombie":1,"stat.mineBlock.minecraft.tallgrass":79,"stat.diveOneCm":10553,"stat.chestOpened":3,"stat.useItem.minecraft.stone":3,"stat.pickup.minecraft.gravel":14,"stat.pickup.minecraft.arrow":6,"stat.pickup.minecraft.stone_axe":3,"stat.jump":2594,"stat.pickup.minecraft.cooked_chicken":3,"stat.pickup.minecraft.coal":277,"stat.fallOneCm":40584,"stat.pickup.minecraft.iron_ingot":11,"stat.drop.minecraft.stone_sword":1,"stat.pickup.minecraft.rail":2,"stat.craftItem.minecraft.torch":40,"stat.pickup.minecraft.dirt":96,"stat.useItem.minecraft.cooked_chicken":6,"stat.craftingTableInteraction":23,"stat.pickup.minecraft.iron_ore":65,"stat.boatOneCm":34436,"stat.pickup.quark.custom_chest":1,"stat.pickup.minecraft.wooden_pickaxe":1,"stat.damageTaken":8504,"stat.pickup.minecraft.feather":38,"stat.pickup.minecraft.leather":5,"stat.mineBlock.minecraft.torch":17,"stat.mineBlock.minecraft.furnace":2,"stat.useItem.minecraft.wooden_pickaxe":163,"stat.pickup.srparasites.assimilated_flesh":2,"stat.pickup.minecraft.planks":37,"stat.entityKilledBy.ZombieVillager":1,"stat.pickup.minecraft.wheat_seeds":14,"stat.pickup.srparasites.canisteractive":2,"stat.mineBlock.minecraft.gravel":11,"stat.useItem.minecraft.stone_pickaxe":815,"stat.useItem.minecraft.stone_sword":167,"stat.damageDealt":4705,"stat.killEntity.Cow":9,"stat.mineBlock.minecraft.dirt":69,"stat.useItem.minecraft.crafting_table":1,"stat.killEntity.Pig":11,"stat.walkOneCm":324546,"stat.useItem.minecraft.torch":38,"stat.pickup.spartanweaponry.boomerang_stone":1,"stat.pickup.minecraft.stick":8,"stat.craftItem.quark.custom_chest":1,"stat.pickup.minecraft.crafting_table":4,"stat.useItem.minecraft.cobblestone":177,"stat.craftItem.minecraft.crafting_table":3,"stat.mineBlock.minecraft.double_plant":3,"stat.useItem.minecraft.lava_bucket":4,"stat.pickup.spartanweaponry.club_studded":1,"stat.mineBlock.srparasites.canisteractive":2,"stat.pickup.minecraft.log":30,"stat.pickup.minecraft.iron_pickaxe":3,"stat.pickup.minecraft.stone":37,"stat.pickup.minecraft.chicken":32,"stat.pickup.minecraft.sapling":2,"stat.pickup.minecraft.cooked_beef":12,"stat.killEntity.Skeleton":1,"stat.craftItem.minecraft.planks":68,"stat.killEntity.Chicken":26,"stat.pickup.futuremc.cornflower":1,"stat.killEntity.Spider":1,"stat.pickup.minecraft.stone_sword":2,"stat.mobKills":58,"stat.mineBlock.minecraft.log":30,"stat.craftItem.minecraft.cooked_chicken":3,"stat.mineBlock.minecraft.leaves":2,"stat.pickup.minecraft.torch":68,"stat.mineBlock.srparasites.parasitecanister":1,"stat.pickup.minecraft.red_flower":1,"stat.pickup.minecraft.yellow_flower":4,"stat.mineBlock.minecraft.stone":890}