{"stat.mineBlock.quark.roots_white_flower":1,"stat.leaveGame":3,"stat.pickup.quark.limestone":218,"stat.pickup.tombstone.familiar_stone":2,"stat.useItem.minecraft.planks":1,"stat.pickup.minecraft.porkchop":12,"stat.pickup.srparasites.ada_longarms_drop":1,"stat.useItem.minecraft.water_bucket":37,"stat.pickup.minecraft.rotten_flesh":27,"stat.useItem.spartanweaponry.boomerang_stone":6,"stat.killEntity.Witch":1,"stat.pickup.quark.tallow":17,"stat.useItem.minecraft.iron_pickaxe":2727,"stat.craftItem.minecraft.wooden_pickaxe":1,"stat.pickup.spartanweaponry.greatsword_iron":1,"stat.mineBlock.minecraft.vine":1,"stat.furnaceInteraction":26,"stat.craftItem.spartanweaponry.material":3,"stat.killEntity.ZombieVillager":1,"stat.pickup.srparasites.lurecomponent3":2,"stat.pickup.srparasites.lurecomponent1":5,"stat.pickup.spartanshields.shield_tower_stone":1,"stat.pickup.minecraft.beef":4,"stat.pickup.minecraft.furnace":2,"stat.useItem.minecraft.cooked_mutton":1,"stat.pickup.minecraft.iron_chestplate":1,"stat.pickup.minecraft.skull":1,"stat.pickup.tombstone.magic_scroll":3,"stat.drop.minecraft.furnace":1,"stat.pickup.minecraft.emerald":5,"stat.useItem.minecraft.dye":28,"stat.useItem.spartanweaponry.halberd_iron":1,"stat.pickup.spartanweaponry.halberd_iron":2,"stat.mineBlock.minecraft.oak_stairs":1,"stat.pickup.minecraft.egg":2,"stat.playOneMinute":349965,"stat.craftItem.minecraft.iron_pickaxe":8,"stat.mineBlock.minecraft.tallgrass":14,"stat.pickup.minecraft.cooked_mutton":2,"stat.chestOpened":2,"stat.useItem.minecraft.stone":22,"stat.pickup.minecraft.iron_sword":1,"stat.pickup.minecraft.arrow":20,"stat.pickup.minecraft.cooked_chicken":7,"stat.fallOneCm":46099,"stat.pickup.minecraft.carrot":46,"stat.crouchOneCm":2045,"stat.craftItem.minecraft.iron_ingot":91,"stat.useItem.quark.root_flower":2,"stat.useItem.minecraft.iron_hoe":43,"stat.craftingTableInteraction":32,"stat.mineBlock.quark.limestone":90,"stat.pickup.minecraft.feather":2,"stat.useItem.futuremc.sweet_berries":79,"stat.useItem.minecraft.reeds":3,"stat.pickup.minecraft.dye":73,"stat.pickup.minecraft.planks":58,"stat.pickup.minecraft.wheat_seeds":7,"stat.mineBlock.minecraft.gravel":29,"stat.useItem.minecraft.stone_pickaxe":641,"stat.craftItem.minecraft.iron_leggings":1,"stat.mineBlock.minecraft.dirt":138,"stat.killEntity.VindicationIllager":13,"stat.pickup.minecraft.poisonous_potato":6,"stat.mineBlock.quark.biome_cobblestone":80,"stat.useItem.minecraft.torch":63,"stat.pickup.minecraft.crafting_table":4,"stat.useItem.minecraft.cobblestone":452,"stat.craftItem.minecraft.crafting_table":2,"stat.mineBlock.quark.stone_speleothem":1,"stat.pickup.minecraft.iron_hoe":1,"stat.pickup.minecraft.log":211,"stat.pickup.minecraft.iron_pickaxe":5,"stat.drop.minecraft.carrot":16,"stat.drop.minecraft.planks":5,"stat.pickup.minecraft.chicken":7,"stat.pickup.minecraft.sapling":3,"stat.craftItem.minecraft.planks":96,"stat.useItem.minecraft.iron_sword":124,"stat.pickup.quark.root":1,"stat.mineBlock.minecraft.log":62,"stat.craftItem.minecraft.cooked_chicken":7,"stat.craftItem.spartanweaponry.halberd_iron":1,"stat.craftItem.minecraft.paper":3,"stat.sneakTime":1363,"stat.useItem.minecraft.baked_potato":15,"stat.pickup.spartanweaponry.longsword_iron":1,"stat.pickup.minecraft.bone":13,"stat.useItem.minecraft.iron_axe":107,"stat.mineBlock.minecraft.cobblestone":51,"stat.mineBlock.minecraft.pumpkin":1,"stat.pickup.minecraft.stone_pickaxe":4,"stat.pickup.minecraft.flint":2,"stat.mineBlock.srparasites.gore":4,"stat.useItem.spartanweaponry.greatsword_iron":203,"stat.swimOneCm":70489,"stat.drop.minecraft.cobblestone":14,"stat.pickup.minecraft.cooked_porkchop":11,"stat.mineBlock.quark.roots":4,"stat.useItem.minecraft.dirt":86,"stat.useItem.minecraft.stone_slab2":74,"stat.pickup.minecraft.bow":1,"stat.pickup.minecraft.iron_boots":1,"stat.useItem.minecraft.iron_ore":3,"stat.craftItem.minecraft.stone_pickaxe":1,"stat.craftItem.minecraft.cooked_beef":1,"stat.pickup.minecraft.cobblestone":2315,"stat.pickup.quark.biome_cobblestone":82,"stat.mineBlock.minecraft.clay":17,"stat.pickup.futuremc.sweet_berries":85,"stat.flyOneCm":106744,"stat.useItem.minecraft.cooked_beef":1,"stat.pickup.minecraft.redstone":150,"stat.mineBlock.minecraft.iron_ore":254,"stat.craftItem.minecraft.book":1,"stat.timeSinceDeath":349965,"stat.useItem.minecraft.potato":77,"stat.pickup.minecraft.stonebrick":13,"stat.useItem.minecraft.cooked_porkchop":21,"stat.mineBlock.minecraft.coal_ore":185,"stat.killEntity.Creeper":5,"stat.talkedToVillager":1,"stat.drop.spartanweaponry.halberd_iron":1,"stat.pickup.minecraft.string":7,"stat.pickup.tombstone.crafting_ingredient":8,"stat.sprintOneCm":146140,"stat.pickup.spartanshields.shield_tower_iron":1,"stat.craftItem.minecraft.stick":40,"stat.mineBlock.minecraft.diamond_ore":19,"stat.mineBlock.minecraft.crafting_table":2,"stat.useItem.minecraft.carrot":14,"stat.mineBlock.minecraft.planks":13,"stat.drop":37,"stat.killEntity.Sheep":5,"stat.useItem.spartanweaponry.longsword_iron":64,"stat.craftItem.spartanweaponry.greatsword_iron":1,"stat.killEntity.Zombie":22,"stat.craftItem.minecraft.dye":15,"stat.mineBlock.minecraft.gold_ore":6,"stat.diveOneCm":25804,"stat.pickup.minecraft.wheat":2,"stat.pickup.minecraft.gravel":29,"stat.craftItem.minecraft.cooked_porkchop":12,"stat.killEntity.Slime":8,"stat.useItem.minecraft.rotten_flesh":2,"stat.jump":3745,"stat.pickup.minecraft.coal":211,"stat.pickup.minecraft.iron_helmet":1,"stat.pickup.minecraft.iron_ingot":8,"stat.pickup.minecraft.gunpowder":3,"stat.pickup.minecraft.spider_eye":4,"stat.craftItem.minecraft.torch":36,"stat.pickup.minecraft.dirt":145,"stat.useItem.minecraft.cooked_chicken":7,"stat.pickup.minecraft.iron_ore":248,"stat.pickup.minecraft.gold_ore":7,"stat.mineBlock.minecraft.lapis_ore":9,"stat.pickup.minecraft.iron_axe":2,"stat.mineBlock.minecraft.glass_pane":3,"stat.damageTaken":4731,"stat.pickup.minecraft.leather":7,"stat.mineBlock.minecraft.furnace":2,"stat.mineBlock.minecraft.torch":55,"stat.useItem.minecraft.wooden_pickaxe":60,"stat.pickup.srparasites.assimilated_flesh":7,"stat.pickup.minecraft.reeds":24,"stat.killEntity.CaveSpider":1,"tombstone:undead_killed":36,"stat.pickup.minecraft.potato":143,"stat.pickup.minecraft.oak_stairs":1,"stat.damageDealt":17456,"stat.sleepInBed":2,"stat.killEntity.Cow":3,"stat.mineBlock.quark.roots_blue_flower":3,"stat.useItem.minecraft.crafting_table":1,"stat.killEntity.Pig":16,"stat.walkOneCm":1101007,"stat.useItem.quark.custom_chest":3,"stat.pickup.spartanweaponry.boomerang_stone":1,"stat.pickup.minecraft.stick":3,"stat.craftItem.quark.custom_chest":4,"stat.pickup.minecraft.clay_ball":44,"stat.killEntity.quark:stoneling":2,"stat.useItem.minecraft.lava_bucket":12,"stat.pickup.quark.root_flower":7,"stat.pickup.minecraft.stone":151,"stat.pickup.minecraft.baked_potato":15,"stat.mineBlock.minecraft.packed_ice":1,"stat.pickup.minecraft.ender_pearl":1,"stat.killEntity.Skeleton":10,"stat.mineBlock.minecraft.stonebrick":17,"stat.killEntity.Chicken":9,"stat.killEntity.Spider":4,"stat.pickup.minecraft.bread":1,"stat.killEntity.quark:dweller":3,"stat.mobKills":130,"stat.pickup.minecraft.diamond":19,"stat.mineBlock.minecraft.leaves":37,"stat.pickup.minecraft.torch":67,"stat.mineBlock.minecraft.redstone_ore":31,"stat.pickup.minecraft.lava_bucket":1,"stat.mineBlock.minecraft.stone":2564}