{"stat.mineBlock.quark.roots_white_flower":1,"stat.pickup.draconicevolution.draconium_dust":5,"stat.leaveGame":5,"stat.pickup.quark.limestone":218,"stat.pickup.tombstone.familiar_stone":2,"stat.useItem.minecraft.planks":1,"stat.pickup.minecraft.porkchop":12,"stat.pickup.srparasites.ada_longarms_drop":3,"stat.useItem.minecraft.water_bucket":116,"stat.mineBlock.minecraft.stone_brick_stairs":8,"stat.pickup.minecraft.rotten_flesh":70,"stat.killEntity.Enderman":2,"stat.useItem.spartanweaponry.boomerang_stone":6,"stat.craftItem.minecraft.iron_shovel":1,"stat.killEntity.Witch":3,"stat.pickup.quark.tallow":17,"stat.useItem.minecraft.iron_pickaxe":5755,"stat.craftItem.minecraft.wooden_pickaxe":1,"stat.useItem.minecraft.iron_shovel":105,"stat.pickup.spartanweaponry.greatsword_iron":1,"stat.mineBlock.minecraft.vine":1,"stat.furnaceInteraction":45,"stat.craftItem.spartanweaponry.material":3,"stat.mineBlock.quark.slate":11,"stat.killEntity.ZombieVillager":1,"stat.pickup.srparasites.lurecomponent3":2,"stat.pickup.srparasites.lurecomponent1":5,"stat.pickup.spartanshields.shield_tower_stone":1,"stat.pickup.minecraft.beef":4,"stat.pickup.minecraft.furnace":3,"stat.useItem.minecraft.cooked_mutton":2,"stat.pickup.minecraft.iron_chestplate":1,"stat.pickup.minecraft.skull":2,"stat.useItem.minecraft.stone_stairs":78,"stat.pickup.tombstone.magic_scroll":3,"stat.drop.minecraft.furnace":1,"stat.pickup.minecraft.stone_stairs":9,"stat.pickup.minecraft.pumpkin_seeds":3,"stat.pickup.minecraft.emerald":11,"stat.useItem.minecraft.dye":63,"stat.useItem.spartanweaponry.halberd_iron":136,"stat.pickup.spartanweaponry.halberd_iron":3,"stat.mineBlock.minecraft.oak_stairs":1,"stat.deaths":2,"stat.pickup.minecraft.egg":2,"stat.playOneMinute":650869,"stat.craftItem.minecraft.iron_pickaxe":16,"stat.mineBlock.minecraft.tallgrass":16,"stat.pickup.minecraft.cooked_mutton":2,"stat.chestOpened":13,"stat.useItem.minecraft.stone":22,"stat.pickup.minecraft.iron_sword":1,"stat.pickup.minecraft.arrow":38,"stat.pickup.minecraft.cooked_chicken":7,"stat.fallOneCm":78495,"stat.pickup.minecraft.carrot":46,"stat.pickup.quark.slate":9,"stat.crouchOneCm":4319,"stat.mineBlock.minecraft.chest":3,"stat.craftItem.minecraft.iron_ingot":124,"stat.useItem.quark.root_flower":2,"stat.useItem.minecraft.iron_hoe":43,"stat.craftingTableInteraction":51,"stat.mineBlock.quark.limestone":90,"stat.pickup.minecraft.feather":2,"stat.useItem.futuremc.sweet_berries":85,"stat.useItem.minecraft.reeds":43,"stat.pickup.minecraft.dye":85,"stat.pickup.minecraft.planks":82,"stat.pickup.minecraft.wheat_seeds":7,"stat.mineBlock.minecraft.gravel":59,"stat.useItem.minecraft.stone_pickaxe":641,"stat.craftItem.minecraft.iron_leggings":2,"stat.mineBlock.minecraft.dirt":252,"stat.killEntity.VindicationIllager":13,"stat.pickup.minecraft.poisonous_potato":6,"stat.mineBlock.quark.biome_cobblestone":301,"stat.useItem.minecraft.torch":184,"stat.craftItem.minecraft.stone_stairs":112,"stat.pickup.minecraft.crafting_table":8,"stat.useItem.minecraft.cobblestone":991,"stat.craftItem.minecraft.crafting_table":2,"stat.mineBlock.quark.stone_speleothem":4,"stat.pickup.minecraft.iron_hoe":1,"stat.mineBlock.minecraft.emerald_ore":6,"stat.pickup.minecraft.log":211,"stat.pickup.minecraft.iron_pickaxe":7,"stat.drop.minecraft.carrot":16,"stat.drop.minecraft.planks":5,"stat.pickup.minecraft.chicken":7,"stat.pickup.minecraft.sapling":3,"stat.entityKilledBy.quark:dweller":1,"stat.craftItem.minecraft.planks":108,"stat.useItem.minecraft.iron_sword":124,"stat.pickup.quark.root":1,"stat.mineBlock.minecraft.log":62,"stat.craftItem.minecraft.cooked_chicken":7,"stat.useItem.minecraft.stone_hoe":33,"stat.craftItem.spartanweaponry.halberd_iron":1,"stat.craftItem.minecraft.paper":3,"stat.sneakTime":3023,"stat.useItem.minecraft.baked_potato":78,"stat.pickup.minecraft.chest":2,"stat.pickup.spartanweaponry.longsword_iron":2,"stat.pickup.minecraft.bone":48,"stat.useItem.minecraft.iron_axe":119,"stat.mineBlock.minecraft.cobblestone":249,"stat.mineBlock.minecraft.pumpkin":1,"stat.pickup.minecraft.stone_pickaxe":4,"stat.pickup.minecraft.flint":6,"stat.mineBlock.srparasites.gore":4,"stat.pickup.quark.diamond_heart":1,"stat.useItem.spartanweaponry.greatsword_iron":251,"stat.swimOneCm":159821,"stat.drop.minecraft.cobblestone":15,"stat.pickup.minecraft.cooked_porkchop":11,"stat.mineBlock.quark.roots":4,"stat.useItem.minecraft.dirt":187,"stat.useItem.minecraft.stone_slab2":117,"stat.pickup.minecraft.bow":2,"stat.pickup.minecraft.iron_boots":1,"stat.drop.quark.biome_cobblestone":2,"stat.craftItem.minecraft.iron_boots":1,"stat.useItem.minecraft.iron_ore":3,"stat.craftItem.minecraft.stone_pickaxe":1,"stat.craftItem.minecraft.cooked_beef":1,"stat.pickup.minecraft.cobblestone":5262,"stat.pickup.quark.biome_cobblestone":329,"stat.mineBlock.minecraft.clay":40,"stat.pickup.futuremc.sweet_berries":85,"stat.flyOneCm":208873,"stat.useItem.minecraft.cooked_beef":1,"stat.pickup.minecraft.redstone":400,"stat.mineBlock.minecraft.iron_ore":408,"stat.craftItem.minecraft.book":1,"stat.timeSinceDeath":251780,"stat.pickup.minecraft.mossy_cobblestone":68,"stat.useItem.minecraft.potato":144,"stat.pickup.minecraft.stonebrick":198,"stat.useItem.minecraft.cooked_porkchop":21,"stat.mineBlock.minecraft.coal_ore":301,"stat.killEntity.Creeper":7,"stat.talkedToVillager":1,"stat.craftItem.minecraft.stone_hoe":1,"stat.drop.minecraft.baked_potato":33,"stat.drop.spartanweaponry.halberd_iron":2,"stat.pickup.minecraft.string":11,"stat.pickup.tombstone.crafting_ingredient":28,"stat.sprintOneCm":390357,"stat.pickup.spartanshields.shield_tower_iron":1,"stat.craftItem.minecraft.stick":72,"stat.useItem.minecraft.stone_slab":2,"stat.mineBlock.minecraft.diamond_ore":20,"stat.mineBlock.minecraft.crafting_table":4,"stat.useItem.minecraft.carrot":14,"stat.mineBlock.minecraft.planks":13,"stat.drop":74,"stat.killEntity.Sheep":5,"stat.useItem.spartanweaponry.longsword_iron":64,"stat.pickup.tombstone.grave_key":2,"stat.craftItem.spartanweaponry.greatsword_iron":1,"stat.killEntity.Zombie":44,"stat.craftItem.minecraft.dye":51,"stat.mineBlock.minecraft.gold_ore":34,"stat.diveOneCm":39974,"stat.pickup.minecraft.wheat":2,"stat.mineBlock.minecraft.mossy_cobblestone":66,"stat.pickup.minecraft.gravel":59,"stat.craftItem.minecraft.cooked_porkchop":12,"stat.killEntity.Slime":8,"stat.useItem.quark.biome_cobblestone":66,"stat.useItem.minecraft.rotten_flesh":2,"stat.pickup.minecraft.stone_brick_stairs":8,"stat.jump":6322,"stat.pickup.minecraft.coal":365,"stat.pickup.minecraft.iron_helmet":1,"stat.pickup.minecraft.iron_ingot":38,"stat.pickup.minecraft.gunpowder":6,"stat.pickup.minecraft.spider_eye":4,"stat.craftItem.minecraft.torch":76,"stat.pickup.minecraft.dirt":254,"stat.craftItem.minecraft.iron_helmet":1,"stat.useItem.minecraft.cooked_chicken":7,"stat.pickup.minecraft.iron_ore":410,"stat.pickup.minecraft.gold_ore":34,"stat.mineBlock.minecraft.lapis_ore":11,"stat.pickup.minecraft.iron_axe":2,"stat.mineBlock.minecraft.glass_pane":3,"stat.mineBlock.minecraft.stone_stairs":10,"stat.damageTaken":8592,"stat.pickup.minecraft.leather":7,"stat.mineBlock.minecraft.furnace":3,"stat.mineBlock.minecraft.torch":141,"stat.useItem.minecraft.wooden_pickaxe":60,"stat.pickup.srparasites.assimilated_flesh":12,"stat.pickup.minecraft.reeds":58,"stat.killEntity.CaveSpider":3,"tombstone:undead_killed":75,"stat.pickup.minecraft.potato":273,"stat.pickup.minecraft.oak_stairs":1,"stat.damageDealt":28105,"stat.sleepInBed":2,"stat.craftItem.minecraft.baked_potato":81,"stat.killEntity.Cow":3,"stat.mineBlock.quark.roots_blue_flower":3,"stat.useItem.minecraft.crafting_table":1,"stat.killEntity.Pig":16,"stat.craftItem.minecraft.stone_slab":6,"stat.walkOneCm":1995494,"stat.useItem.quark.custom_chest":3,"stat.pickup.spartanweaponry.boomerang_stone":1,"stat.pickup.minecraft.stick":11,"stat.craftItem.quark.custom_chest":4,"stat.pickup.minecraft.clay_ball":44,"stat.killEntity.quark:stoneling":3,"stat.useItem.minecraft.lava_bucket":16,"stat.pickup.quark.root_flower":10,"stat.useItem.tombstone.gift":2,"stat.pickup.minecraft.stone":151,"stat.craftItem.minecraft.iron_chestplate":1,"stat.pickup.minecraft.baked_potato":58,"stat.mineBlock.minecraft.packed_ice":2,"stat.pickup.minecraft.ender_pearl":2,"stat.killEntity.Skeleton":25,"stat.mineBlock.minecraft.stonebrick":183,"stat.killEntity.Chicken":9,"stat.killEntity.Spider":6,"stat.pickup.minecraft.bread":1,"stat.killEntity.quark:dweller":5,"stat.mobKills":184,"stat.pickup.minecraft.diamond":20,"stat.mineBlock.minecraft.leaves":37,"stat.pickup.minecraft.torch":170,"stat.mineBlock.srparasites.parasitecanister":1,"stat.mineBlock.minecraft.redstone_ore":62,"stat.pickup.minecraft.lava_bucket":1,"stat.mineBlock.minecraft.stone":4534}